,text,label,test_train,prediction_tfid,probability_tfid
0,"Fra søndag morgen er det ikke længere muligt at kommentere artikler på Ekstra Bladets 'nationen!'. Det siger chefredaktør Kristoffer Eriksen i Presselogen på TV 2 NEWS. - Vi skal ikke have det her anonyme, mærkelige sted, hvor man kan sidde og kalde sig 'tørstigmunk89' og så bare fyre den af med injurier, racisme og sexisme og alt sådan noget. Det bidrager ikke med noget som helst godt, siger Eriksen, der er en af to chefredaktører på avisen. Den anden chefredaktør hedder Pernille Holbøll, og til Ekstra Bladet siger hun, at en af bevæggrundene er en nylig Megafonundersøgelse fra TV 2. Undersøgelsen viser, at 68 procent af danskerne afholder sig fra at deltage i debatter og samtaler på sociale medier, fordi de synes, at tonen er for hård. Det kalder hun ""dybt problematisk"".",1,test,1,0.6333725330511238
1,"Der er planer om at opføre et stort antal enorme solcelleanlæg rundt om i Danmark i de kommende år. De skal hovedsageligt ligge i landkommuner, og mange af dem vil blive placeret langt væk fra både forbrugerne og knudepunkterne i det danske elnet. Det kommer til at give store udfordringer og kan i værste fald betyde, at nogle anlæg ifølge det statslige Energinet i en årrække må køre på nedsat kraft eller i perioder stå ubrugte hen. Samlet set er der planer om at tilslutte 17 GW solcelleanlæg til det danske elnet. De vil samlet kunne forsyne 5,7 millioner husholdninger med strøm, og de vil fylde et areal på 239 km2. Det viser en opgørelse foretaget af analysefirmaet Kaas og Mulvad på vegne af TV 2. Til sammenligning er der i dag tilsluttet 0,6 GW store solcelleanlæg til nettet.",1,test,1,0.7655518382113013
2,"Et stort udbrud af salmonella med tre døde og 37 syge kan ifølge Fødevarestyrelsen relateres til importerede loppefrøskaller fra Indien. Firmaet Orkla Care A/S trak i sidste uge alle produkter tilbage af typen Husk. Det er et naturlægemiddel og kosttilskud baseret på loppefrøskaller. - Vores undersøgelser og de oplysninger, vi har modtaget fra Orkla Care, peger på loppefrøskaller fra Indien, siger beredskabschef Nikolas Kühn Hove, Fødevarestyrelsen. Af de 37 syge var 23 indlagt på hospitaler til behandling af infektionen. Tre personer afgik ved døden inden for en periode på 30 dage, efter at de havde fået konstateret salmonellainfektionen. Alle tre fejlede noget andet, men salmonellainfektionen menes at være medvirkende årsag til dødsfaldet. Fællesnævneren for de syge var, at de havde indtaget loppefrøskaller, der blandt andet kan bruges mod problemer med fordøjelsen.",1,test,1,0.7696567389050478
3,"Mange danskere har på et eller andet tidspunkt i løbet af deres liv set Jurassic Park. De populære film skildrer, hvor galt det kunne være gået, hvis mennesker og dinosaurer havde levet side om side. I filmene skiller især Tyrannosaurus rex sig ud som en særlig frygtindgydende art. Men havde mennesket levet for 65 millioner år siden, mens dinosaurerne stadig havde deres gang på jorden, ville et møde med en T. rex måske ikke være endt så fatalt, som man ellers skulle tro. Nye beregninger foretaget af hollandske palæontologer viser nemlig, at T. rex foretrak at gå i et overraskende lavt tempo, skriver CNN. Det præcise tempo lyder på 4,8 km/t – det vil sige et tempo, som de fleste mennesker snildt kunne følge trop med.",1,test,1,0.9234643839510548
4,"Med krøllet hår, højhælede støvler og et Gucci-joggingsæt med fartstriber i guld var Helle Thorning-Schmidt torsdag aften på vej til fest i K.B. Hallen. Den røde løber var rullet ud, for aftenens ZULU Awards skulle deles ud. På vej ind bukkede hun sig ned for at snøre sin sko. Men straks efter stak Ekstra Bladets journalist René Fredensborg en mikrofon ind foran Danmarks tidligere statsminister, der fulgtes med døtrene, Camilla og Johanna Kinnock. - Du er jo sådan lidt bordello-mor i det der, sagde han om hendes tøj. Helle Thorning-Schmidt svarede ikke. I stedet rejste hun sig op, lod som ingenting og gik ind til festen. - Kom jeg til at fornærme hende? spurgte René Fredensborg bagefter avisens egen kameramand.",1,test,1,0.8433222262129211
5,"I midten af 1700-tallet kunne man i Danmark købe 48 rugbrød for en 1-rigsdaler, der blev indført som landets første pengeseddel. Men siden er værdien af det gamle betalingsmiddel steget markant. Det kan auktionshuset Bruun Rasmussen konstatere, efter at det mandag har solgt en 1-rigsdalerseddel for hele 170.000 kroner på en møntauktion. - Ud over at være exceptionelt sjælden, så er sedlen også af stor pengehistorisk betydning, siger Michael Fornitz, der er chefnumismatiker hos Bruun Rasmussen, og som derfor beskæftiger sig med den videnskabelige lære om mønter. - Det er de danske pengesedlers dåbsattest, vi har at gøre med her, uddyber han. Prisen overraskede formentlig auktionarius, eftersom sedlen forud for auktionen var blevet vurderet til at have en værdi på mellem 60.000 og 80.000 kroner. Det bliver ikke oplyst, hvem der har købt den gamle pengeseddel.",1,test,1,0.5258813770103836
6,"I en skattesag, der potentielt kan blive milliarder værd, har Østre Landsret mandag dømt til Skatteministeriets fordel. Fem kapitalfonde, der fra 2006 til 2013 ejede størstedelen af teleselskabet TDC, er blevet dømt til at betale skat af en udbyttebetaling på 1,05 milliarder kroner. Dermed skal de formentligt tilbagebetale et trecifret millionbeløb. Samtidig har Østre Landsret dog givet firmaet NetApp medhold i ét af to anklagepunkter. Det betyder, at NetApp blot skal betale 26 millioner kroner tilbage til den danske statskasse, men ikke de knap 160 millioner kroner, som Skatteministeriet også havde lagt op til i deres anklage mod det amerikanske firma. Sagerne er en del af et større sagskompleks, der har det til fælles, at virksomhederne og Skatteministeriet er uenige om, hvorvidt der skal betales skat i Danmark.",1,test,1,0.6405676913276958
7,"En 21 tons tung kinesisk rumraket er lige nu i et ukontrolleret kredsløb om Jorden. Dele af raketten forventes at ramme Jorden om en uges tid. Og hvis det ikke lyder bekymrende nok, så er det også stort set umuligt at forudsige, hvor de stykker 'rumskrald', der ikke brænder op i atmosfæren, kommer til at lande. Ud fra rakettens kredsløb kan raketaffaldet ramme på en breddegrad, som ligger lidt nord for New York, Madrid og Beijing og så langt sydpå som det sydligste Chile og Wellington i New Zealand. Dele af rumfartøjet forventes at kunne ramme i dette område. Selvom den bane dækker en stor del af Jordens areal, så ser Danmark altså ud til at klare frisag denne gang. Og når der står denne gang, så er det fordi, det langtfra er første gang, der er faldet rumaffald ned på Jorden.",1,test,1,0.9420965362849006
8,"De kommende supersygehuse skal være med til at løfte sundhedsvæsenet i Danmark. Men de bliver ikke klar til tiden. Gennemsnitligt er de 16 sygehusbyggerier knap to år forsinkede, viser en opgørelse fra Kvalitetsfonden for sygehusbyggerierne, som TV 2 har fået aktindsigt i. Det er et udtryk for, at der er ""en del udfordringer"", som fondens direktør, Morten Hjortenberg, siger det. - Vi havde håbet på bedre resultater her halvvejs inde i byggeperioden. Det giver anledning til bekymring og eftertanke om nogle af de beslutninger og prioriteringer, der blev truffet under projekterne, siger han. Fondens opgave er at stille penge til rådighed for sygehusbyggerierne og sikre en høj kvalitet – altså det man ofte kalder ""kvalitetsfonde"". Byggeriernes samlede budget er på over 30 milliarder kroner – heraf står staten for 23 milliarder og regionernes selvfinansierende bidrag på 9 milliarder.",0,test,1,0.7095763277604994
9,"39-årige Louise Kjærgaard har siden 2018 arbejdet som rengøringsassistent på en skole i København. Hun er glad for sit job, men det er ikke uden problemer. - Jeg har fået at vide, at jeg er for stor til at gøre den her slags arbejde. Det er ikke noget, jeg har lyst til at høre igen, siger hun til TV 2. Louise Kjærgaard er overvægtig og lider af fedme. Hun har forsøgt at tabe sig ved hjælp af kost- og motionsvejledning, men det er ikke lykkedes hende at komme under den anbefalede grænse for fedme. I Danmark anbefales det, at man hverken har fedtprocenten over 25 eller under 15. Ifølge Louise Kjærgaard har hun flere gange fået besked om, at hun var ""for stor"" til et job.",0,test,0,0.8693462783198851
10,"En 78-årig erhvervsmand fra Viborg blev torsdag idømt seks års fængsel i en af de største svindelsager i danmarkshistorien. Vestre Landsret stadfæstede byrettens dom, som var på syv års fængsel. Den tidligere dækmester og ejer af Viborg Dæk blev i byretten dømt for at have snydt for mindst 587 millioner kroner. Landsretten fastslog, at han skal betale en del af erstatningen tilbage til de berørte forsikringsselskaber. Men det er langt fra nok, mener de to selskaber, der har anket dommen til Højesteret. - Vi er meget skuffede over, at landsretten ikke har valgt at gøre mere ved den massive svindel, som vi har været udsat for, siger Torben Nielsen, direktør i Tryg Forsikring. - Vi vil nu gå i gang med at læse dommen grundigt igennem og overveje, om vi skal anke til Højesteret.",0,test,0,0.6827460286504153
11,"I en række sager om adoption af børn fra Chile har Ankestyrelsen fundet anledning til at genoptage sagerne. Det skriver styrelsen i en pressemeddelelse. - Vi har fundet anledning til at genoptage en række sager, hvor der er mistanke om, at der er sket fejl i forbindelse med adoptionsprocessen, lyder det. - Det kan blandt andet være, fordi vi har fundet anledning til at genoptage sagerne på baggrund af nye oplysninger, som børnene har givet i forbindelse med deres egen sag. Ankestyrelsen understreger, at det ikke nødvendigvis betyder, at der rent faktisk er sket fejl i forbindelse med de enkelte adoptionssager. Styrelsen understreger dog, at man ikke må foretage sig noget i en sag, før den er godkendt af den chilenske myndighed. - Det er ulovligt at foretage sig noget i en sag, før den er godkendt af den chilenske myndighed.",0,test,0,0.7933318238438816
12,"En person er i kritisk tilstand, efter at fire personer kæntrede i en speedbåd nær Stubbekøbing fredag. Det oplyser vagtchef ved Sydsjællands og Lolland-Falsters Politi Anders Olesen. - Vi har fire personer, der er kommet i problemer i en speedbåd ude på havet. De er kommet i problemer, og båden er kæntret, siger han. Den ene person, der befinder sig i kritisk tilstand, blev bragt til Rigshospitalet med helikopter. De øvrige tre personer blev bragt til Sønderborg Sygehus med ambulancer. Ifølge vagtchefen skete ulykken nær Stubbekøbing. - De er fra Stubbekøbing-området, siger Anders Olesen. Politiet modtog anmeldelsen om ulykken klokken 15.45 fredag eftermiddag. Vagtchefen fortæller, at det er politiets opfattelse, at speedbåden var med sejl, da den kæntrede.",0,test,0,0.7473620453575953
13,"Flere biler skøjtede rundt på motorveje i hele landet torsdag eftermiddag, da der kom et tre centimeter tykt lag hagl ned over vejene. Det oplyser vagtchef ved Midt- og Vestjyllands Politi Jesper Brøndum. - Vi har haft nogle uheld, hvor bilisterne ikke har kunnet styre deres biler. Så er de kørt ind i hinanden, siger han. Vagtchefen fortæller, at politiet har modtaget flere anmeldelser om uheld på motorvejene i løbet af eftermiddagen. - Det er et lag hagl, der ligger på vejen, og så bliver bilisterne nok lidt for ivrige og prøver at komme op på farten igen, siger Jesper Brøndum. Ifølge ham er der tale om ""ganske almindelige uheld"", som ikke har ført til personskade.",0,test,1,0.6242919286636359
14,"Der er lagt op til en ny rekordsommer for den danske sommerhusbranche. Sådan lyder det fra Dansk Sommerhusejer Forening, DSF. Her fortæller administrerende direktør, Anders Østergaard, at antallet af bookinger til sommerhuse er steget med 142 procent i forhold til sidste år. - Det er en kæmpe stigning. Vi har aldrig set så stor en stigning før, siger han. Ifølge Anders Østergaard skyldes stigningen, at flere og flere vælger at holde ferie i Danmark i takt med, at der er kommet flere udgifter til ferie i udlandet. - Vi har haft en periode med høje priser på benzin og el, og der har været en del udgifter forbundet med at tage på ferie i udlandet. Derfor vælger mange nu at holde ferie i Danmark, siger han.",0,test,0,0.9761222955953336
15,"Kirsten Stallknecht, der i knap tre årtier var formand for Dansk Sygeplejeråd, er død. Det oplyser Dansk Sygeplejeråd i en pressemeddelelse. Kirsten Stallknecht døde torsdag efter længere tids sygdom. Hun blev 84 år. Kirsten Stallknecht blev født i København i 1944 og var uddannet sygeplejerske. Hun startede sin karriere på Bispebjerg Hospital i København, hvor hun blandt andet arbejdede med at udvikle nye metoder til behandling af hjerteinfarkt. I 1977 blev hun valgt ind i Dansk Sygeplejeråd, hvor hun i 1985 blev valgt som formand. Det var en svær tid for fagforeningen, som Kirsten Stallknecht overtog midt i den såkaldte ""sygeplejekrise"". Dengang var der stor utilfredshed blandt sygeplejerskerne, fordi mange mente, at de blev underbetalt sammenlignet med andre sundhedsprofessionelle.",0,test,0,0.6298124714236424
16,"Der er ikke kommet nogen afklaring på sygeplejerskekonflikten efter torsdagens møde mellem Dansk Sygeplejeråd (DSR) og de kommunale arbejdsgivere i Kommunernes Landsforening (KL). Det fortæller de to parter til TV 2 efter dagens møde. - Vi har haft et godt møde, hvor vi har fortalt hinanden, hvordan vi ser situationen derude. men der ligger ikke nogen lige, åbne veje for løsninger her og nu, siger formand for DSR, Grete Christensen. Også chefforhandleren for KL, Michael Ziegler, peger på, at situationen er gået i hårdknude. - Hvis det var nemt, havde vi gjort det for længe siden. Vi har lavet to aftaler, men de er er desværre ikke blevet stemt hjem af sygeplejerskerne. Så vi er i en svær situation, siger han.",1,test,1,0.562248645899687
17,"De fleste bilister genkender måske følelsen af, at regnvejr kan gøre det sværere at se vejstriberne, når de kommer kørerne på de danske motorveje. Men det skal en nyudviklet vejstribe afhjælpe, fortæller Michael Larsen, der er projektleder ved Vejdirektoratet. - Den kan få en kæmpe betydning. Dels fordi trafikanterne føler sig mere trygge, når de bedre kan se striberne, og dels fordi trafikanterne dermed placerer sig mere hensigtsmæssigt på vejbanen, siger han. - Når trafikanter ikke kan se striberne, har de nemlig en tendens til at lægge sig helt ud i kantlinjen, og det øger risikoen for uheld, lyder det. I løbet af de næste fem til otte år kommer Vejdirektoratet til at udlægge den nyudviklede vejstribe på samtlige danske motorveje.",1,test,1,0.8440919594839146
18,"Der er ingen grund til panik, lød det torsdag fra Joe Biden. Ingen grund til at hamstre benzin, formanede den amerikanske præsident. Men mange amerikanske bilister var allerede gået i panik. Over store dele af østkysten har de i denne uge holdt i lange køer til tankstationerne. De har fyldt ekstra dunke med benzin. Og de har tørlagt over 17.000 tankstationer ifølge Washington Post. Årsagen er et hackerangreb på energiselskabet Colonial Pipeline. Angrebet lammede for en uge siden selskabets 9000 kilometer lange rørledning, der forsyner store dele af den amerikanske østkyst med brændstof. Rørledningen går fra Texas til New Jersey og dækker 45 procent af østkystens forbrug. Da brændstoffet ikke længere flød, udløste det en krise. Benzinpriserne steg, bilister hamstrede, og nogle flyselskaber var ifølge New York Times nødt til at foretage mellemlandinger på langtursflyvninger for at tanke.",1,test,1,0.8257768068496149
19,"Arktis var øverst på dagsordenen, da USA's udenrigsminister, Antony Blinken, mandag var på besøg i København for at mødes med toppen af den danske regering. Det fremgik tydeligt, da statsminister Mette Frederiksen (S) gjorde status efter mødet med den amerikanske topdiplomat. - USA er vores vigtigste allierede, og derfor har vi en interesse i, at vi sætter dagsorden i Arktis - og ikke alle mulige andre. Det er afgørende at sørge for, at det er Rigsfællesskabet, USA og NATO, der spiller de afgørende roller i Arktis, lød det fra Mette Frederiksen, som dermed undlod at nævne stormagterne Rusland og Kina, der ellers også har store interesser i Arktis. Men hvorfor er det, at Arktis får så stor opmærksomhed netop nu og med stor sandsynlighed også i fremtiden?",1,test,1,0.6708972229174686
20,"Der skal gøres indhug i den danske fiskeflåde, hvor hvert femte fartøj, der bruges til såkaldt konsumfiskeri, skal fjernes og ophugges. Sådan lyder forslaget fra Danmarks Fiskeriforening, der repræsenterer 1200 fiskere og cirka 700 fartøjer. - Det er nødvendigt på grund af den regning, vi kommer til at betale for EU’s handelsaftale med Storbritannien, der blev indgået til jul, siger formanden for Danmarks Fiskeriforening, Svend-Erik Andersen, i forbindelse med foreningens generalforsamling. Forslaget skønnes at koste i omegnen af 225 millioner kroner og er en del af et større udspil om fremtidens fiskerierhverv. Traditionelt har danske fiskere haft nem adgang til britisk farvand. Men det ændrede sig, da Storbritannien trådte ud af EU sidste år. På forhånd var fiskerne udråbt som nogle af dem i Danmark, der ville blive ramt mest direkte af Brexit.",1,test,1,0.816892013547916
21,"Husk at tjekke dine hegn. Så klar er beskeden fra Dyrenes Beskyttelse, der ofte rykker ud for at hjælpe dyr i nød. I år har organisationens vagtcentral 1812 modtaget 81 opkald i relation til hjorte, der sidder fast i net, hegn eller har geviret viklet ind i snor. For hele 2020 var der 146 sager i nævnte kategori, der ofte ender med, at dyrene må aflives, da de er slemt tilredte. For nogle uger siden kom to hjorte så galt afsted, at skytte Morten Richter-Hansen måtte rykke ud på sagen. De sad fast i et hegn på den samme ejendom. - Jeg får fat i politiet for at advisere dem om, at der formentlig ville blive afgivet skud, når jeg var fremme på adressen.",1,test,1,0.7890734296662198
22,"Landets større byer skal være grønnere. Sådan lød det onsdag formiddag på et pressemøde, hvor regeringen præsenterede et udspil, der skal komme luftforureningen i landets byer til livs og skabe plads til mere idræt og natur. Forslagene stak i mange retninger, men der blev blandt andet lagt op til, at kommunerne får mulighed for at lave nul-emissionszoner, hvor der kun må køre el- og brintkøretøjer, og at dieselbiler skal forbydes i miljøzonerne. Og nu er det så op til kommunerne at bestemme, hvad de vil gøre med initiativerne, da det ifølge statsminister Mette Frederiksen (S) er deres opgave at følge forslagene til dørs.",1,test,1,0.8652265489362141
23,"I sidste uge skete en voldsom ulykke, da en toårig dreng i Vandhuset i Hjørring faldt omkring 10 meter fra en puslepude og ned i et kælderområde. Barnet ligger onsdag i koma, men er i stabil tilstand, og nu er politiets undersøgelser af ulykken i svømmehallen afsluttet. Det fortæller Torben Rimmen, politikommissær ved Nordjyllands Politi i Hjørring, til TV 2 Nord. Ifølge Torben Rimmer var der sket en misforståelse af faciliteterne på ulykkesstedet. Barnet blev nemlig puslet på et bord, der ikke var beregnet til det formål. - Selve puslepuden ligger på en hylde under bordet. Men andre har taget puden og brugt den nede på gulvet eller ovre i sofaen til at pusle deres børn, siger Torben Rimmen til TV 2 Nord. Politikommissæren kalder hændelsen for ”så uheldigt, som det kan være”. ",1,test,0,0.6910047781589361
24,"En større brand har torsdag aften udspillet sig i et feriecenter ved Hvide Sande i Thy. Det oplyser vagtchef ved Midt- og Vestjyllands Politi Henrik Sønderskov. Branden er slukket, men der arbejdes stadig på stedet, da bygningen er kraftigt beskadiget. - Der er ikke nogen, der er kommet til skade, men bygningen er meget ødelagt, siger vagtchefen. Ifølge vagtchefen var der omkring 20 personer i feriecentret, da branden brød ud. De blev evakueret uden problemer. Brandårsagen er endnu ukendt, men politiet har foreløbigt afspærret området på grund af risiko for nedstyrtning af bygningsdele. Torsdag aften var der to helikoptere og en drone i luften over området for at holde øje med de faldende dele. Politiet oplyser, at man vil genåbne vejen ved Hvide Sande i løbet af fredag formiddag.",0,test,0,0.5387893829340282
25,"Nynne Sass Larsen, der er medlem af Folketinget for Socialdemokratiet, har i et debatindlæg i Jyllands-Posten kritiseret Ekstra Bladet for ikke at have bragt hendes partis kritik af avisens dækning af rocker- og bandekriminalitet. Redaktør på Ekstra Bladet Poul Madsen afviser kritikken. - Jeg kan ikke se, at Nynne Sass Larsens indlæg har noget med den kritik at gøre, som hun selv fremfører, siger han til Ritzau. Nynne Sass Larsen skriver i sit debatindlæg, at hun som medlem af Folketingets medieudvalg har kritiseret Ekstra Bladets dækning af rocker- og bandekriminalitet. Hun mener, at avisen har ""stor betydning"" for den måde, samfundet opfatter rocker- og bandekriminalitet på. Derfor skulle avisen have bragt Socialdemokratiets kritik af avisens dækning, mener hun.",0,test,1,0.6140625846888138
26,"I en kølcontainer på et lager i København ligger der i øjeblikket flere hundrede ubefrugtede æg fra danske kvinder. De er blevet fryset ned og gemt, fordi de endnu ikke har fundet den rette mand at få børn med. Men i 2022 vil de blive destrueret, hvis ikke de er blevet benyttet. Det samme vil kunne ske med de æg, som den 31-årige Camilla Hansen forventer at skulle benytte sig af. - Jeg tænker meget over det. Det er jo mit æg, og det er jo mit barn, jeg skal have, siger hun til TV 2. I dag kan kvinder fryse ubefrugtede æg ned til senere brug, hvis man endnu ikke har fundet den rette mand at få børn med. Men de må kun gemmes i fem år.",0,test,0,0.8357964374348595
27,"Boligmarkedet er i fuld gang med at komme sig efter finanskrisen, og det har også betydning for danskernes muligheder for at låne til boligkøb. Boligrenten, der er den rente, som man skal betale for at låne penge til at købe en bolig, er nemlig steget fra 0,5 procent i januar 2021 til 2,8 procent i juni 2022. Det viser tal fra Danmarks Statistik. Samtidig er renten steget mere end gennemsnittet for alle andre former for lån. Gennemsnittet for alle andre lån er steget fra 1,1 procent i januar 2021 til 1,9 procent i juni 2022. Renten på boliglån kan have betydning for danskernes muligheder for at købe en ny bolig. For hvis man skal låne penge til en bolig med en rente på 2,8 procent, så skal man have et hus med en pris på mindst 2,8 millioner kroner for at kunne følge med.",0,test,0,0.7332019051731863
28,"I sidste uge blev der afholdt et folkemøde på Langeland, hvor beboerne diskuterede, hvordan de kunne stoppe planerne om et udrejsecenter for udlændinge på øen. Mange mente, at regeringen havde overskredet sine beføjelser ved at underskrive en aftale med Udlændingestyrelsen om oprettelsen af centeret, og at det var nødvendigt at få stoppet projektet ved at anlægge en retssag. Men er det muligt? - Det er ikke umuligt. Men det kræver, at man kan påvise, at regeringen har handlet i strid med loven, og det er ikke noget, man bare kan gøre sig til ekspert i på en aften. Det kræver juridisk ekspertise og tid, siger TV 2s retskorrespondent Lotte Mejlhede. På Langeland har man dog allerede fået fat i en advokat, der vil stå for sagen mod regeringen.",0,test,0,0.8270908774594203
29,"Regeringen, Socialdemokratiet, Dansk Folkeparti og De Radikale har indgået en aftale om at forlænge ordningen med cannabis til medicinsk brug i fire år. Det oplyser Sundhedsministeriet i en pressemeddelelse. - Der er stadig behov for at udvide brugen af cannabis til medicinsk brug. Derfor forlænger vi forsøgsordningen med fire år, så vi kan få de nødvendige data for at kunne godkende cannabis som lægemiddel i Danmark, siger sundhedsminister Magnus Heunicke (S) i pressemeddelelsen. Forsøgsordningen blev indført 1. januar 2019 og var planlagt til at løbe frem til 31. december 2022. Med aftalen bliver den forlænget frem til 30. juni 2026. Aftalepartierne har dog aftalt, at der skal ske en evaluering af ordningen senest i 2024, oplyser Sundhedsministeriet. Aftalen er bredt flertal bestående af regeringen, Socialdemokratiet, Dansk Folkeparti og De Radikale.",0,test,0,0.7525241484964771
30,"Inger Grene, der var en af grundlæggerne af Søstrene Grene, er død. Det skriver familiefirmaet i en pressemeddelelse. Hun blev 84 år. Inger Grene stiftede med sin mand Erik Grene i 1973 det firma, der i dag er kendt som Søstrene Grene. Hun var helt frem til sin død aktiv i virksomheden, som hun fortsat ejer 25 procent af. - Vi er dybt berørte over at have mistet vores mor og stifter Inger Grene. Hun var en fantastisk personlighed og en stor leder, som vi altid vil huske med stor respekt og kærlighed, siger administrerende direktør i Søstrene Grene, Louise Hjortdal Andersen, i pressemeddelelsen. Inger Grene var født i København i 1944. Hun blev student fra Ryslinge Gymnasium i 1962 og gik derefter ind i reklamebranchen.",0,test,1,0.6470098546483618
31,"Forsvaret har indgået en aftale med det amerikanske firma Pipistrel, der fremstiller elektriske fly. Aftalen betyder, at Forsvaret køber to elektriske fly, der skal bruges til at teste Forsvarets nye kompetenceområde for elektriske luftfartøjer. Det oplyser Forsvaret i en pressemeddelelse. - Med denne aftale sætter Forsvaret Danmark på verdenskortet, når det gælder elektriske luftfartøjer. Det er første gang i verden, at et land køber to elektriske fly til militære formål, siger chef for Flyvevåbnet, og fortsætter: - Med de to elektriske fly får vi en unik mulighed for at udvikle vores faglige kompetencer inden for dette nye område og samtidig afprøve teknologien i praksis. Forsvaret har valgt at købe de to fly af hensyn til deres egenskaber og ikke mindst på grund af deres hurtighed.",0,test,1,0.5844586168648214
32,"Hensynet til truede dyrearter som hasselmus, birkemus og flagermus i Danmark stikker nu en midlertidig kæp i hjulet på et enormt naturgasprojekt, der skal forsyne Polen med naturgas fra Norge. Det er Miljø- og Fødevareklagenævnet, der har annulleret projektets miljøtilladelse, og dermed har sat en stopper for anlægsarbejdet af rørledningen Baltic Pipe på tværs af Danmark. - Vi er meget kede af afgørelsen, siger Marian Kaagh, der er vicedirektør i selskabet Energinet, der står for anlægsarbejdet I Danmark. I en pressemeddelelse siger hun, at Energinet har arbejdet med en række tiltag for at sikre gode levevilkår for dyrene de steder, hvor rørledningen bliver anlagt. Det var et krav, da Miljøstyrelsen i 2019 gav miljøtilladelse til Baltic Pipe-projektet. Men ifølge Miljø- og Fødevareklagenævnet burde forholdene være grundigt undersøgt, allerede inden tilladelsen blev udstedt, og anlægsarbejdet kunne begynde.",1,test,1,0.6518337584750165
33,"Myndighederne har lørdag spærret et område af ved Bornholms forbrændingsanlæg, Bofa, på Torneværksvej i udkanten Rønne. Man frygter, at der kan være fare for sammenstyrtning af en 70 meter høj skorsten. - Ude på vores forbrændingsanlæg ved vores genbrugsplads er der en 70 meter høj skorsten, hvor der har været en defekt stabilisator inden i den. Så i morges stod den og svajede faretruende, fortæller vagthavende Jesper Lund hos Bornholms Politi. Det var en medarbejder på genbrugspladsen, som observerede, at skorstenen ikke strakte sig mod himlen vanlig stabilitet, og som derefter - klokken 06.09 lørdag morgen - slog alarm. Ifølge Jesper Lund er der foretaget afspærringer ved området. En politipatrulje på stedet har rapporteret tilbage til vagtcentralen, at skorstenen ikke længere svajer.",1,test,1,0.7791737209501065
34,"Betalingskort og MobilePay fungerer igen efter et større nedbrud fredag eftermiddag. Det bekræfter Peter Glüsing og Søren Winge fra Nets' presseafdeling overfor TV 2. - Vi har normaliseret driften igen klokken 17, og vi arbejder stadig med at undersøge, hvad der præcis opstod, siger Søren Winge. Dermed kan både betalingskort og MobilePay benyttes igen. Nedbruddet stod på i lidt over halvanden time og betød, at betalingskort og MobilePay ikke kunne benyttes landet over. - Det har stået på i en times tid, og det har ikke ramt alle terminaler, men det har ramt over hele landet, sagde Søren Winge. Helt håbløst var det dog ikke, hvis man var uden rede kontanter i lommen.",1,test,1,0.8658503200981862
35,"Ruslands ambassadør i Danmark har mandag været til møde i Udenrigsministeriet for at forklare to russiske krænkelser af dansk luftrum nær Bornholm i fredags. Det oplyser Udenrigsministeriet. Mødet fandt sted på foranledning af udenrigsminister Jeppe Kofod (S), der mandag er til topmøde i militæralliancen Nato. Her vil han drøfte krænkelserne af dansk luftrum med de andre landes udenrigsministre. - At russiske kampfly hele to gange krænker dansk luftrum, er et alvorligt og uacceptabelt brud på alle gældende internationale normer og regler for militære flyvninger, siger Kofod i en pressemeddelelse. - Det kan ikke tolkes som andet end en både skændig og fuldstændigt unødigt bevidst provokerende russisk handling. Derfor har vi fra dansk side også reageret klart, skarpt og prompte. Det er selvsagt også noget, vi vil drøfte videre med vores allierede, siger han.",1,test,0,0.6122035416525502
36,"Den danske restaurant Alchemist er kåret som den bedste restaurant i Europa af anmelderne hos Opinionated About Dinings (OAD). Det fremgår af den seneste rangliste på OAD's hjemmeside. OAD startede egentlig som en privat madblog for amerikaneren Steve Plotnicki. Bloggen udviklede sig dog hurtigt, da Plotnicki i 2007 udsendte et spørgeskema til medbloggere og madvenner rundt om i verden for at høre, hvilke restauranter de mente, var de bedste. Det udviklede sig siden til en decideret restaurantrangliste, som i dag er blevet til 11 lister. En af dem er over de bedste restauranter i Europa, som Alchemist har fået æren af at toppe. Alchemist har adresse på Refshaleøen i København og er ejet af kokken Rasmus Munk. Han åbnede restauranten i 2019 efter tidligere at have lukket et spisested af samme navn på Østerbro.",1,test,1,0.6749842963203113
37,"Der har været tavshed på linjen fra UEFA, siden det i lørdags blev afgjort, at det danske og finske landshold skulle spille de to landes EM-åbningskamp færdig, efter Christian Eriksen var kollapset på banen. Beslutningen er ellers blevet kritiseret fra flere kanter - her i blandt de danske landsholdspillere, deres træner Kasper Hjulmand og senest formanden for DBU, Jesper Møller, der også er dansk repræsentant i UEFA. - Jeg er enig med landstræneren og spillerne i, at kampen ikke burde være genoptaget. Det var en forkert beslutning og helt uholdbart, at spillerne skulle på banen så kort tid efter den forfærdelige oplevelse, siger Jesper Møller i dag. Men på trods af den massive kritik mod UEFA har fodboldorganisationen ikke svaret på kritikken. Kun en enkelt gang siden kampen i lørdags har UEFA svaret på henvendelser fra TV 2.",1,test,1,0.8723722381378896
38,"Ofre for seksuelt overgreb skal have adgang til en bistandsadvokat, allerede inden de kontakter politiet for at anmelde. Det mener et politisk flertal bestående af regeringen, Radikale Venstre, Socialistisk Folkeparti, Enhedslisten og Alternativet ifølge en pressemeddelelse. Aftalen er en opfølgning på finansloven for 2021. - Vi skylder ofre for voldtægt og andre seksuelle overgreb et langt bedre møde med retssystemet, så de trygt tør anmelde de forbrydelser, de har været udsat for, siger justitsminister Nick Hækkerup (S) i meddelelsen. Ofre kan, når ordningen træder i kraft, få kontakt til bistandsadvokater gennem de lister, som politiet i dag anvender, når de skal finde advokater til ofre i sager om seksuelt overgreb. Listerne bliver offentliggjort på myndighedernes hjemmesider og vil også være tilgængelige hos organisationer som Center for Seksuelle Overgreb.",1,test,1,0.7505829433923767
39,"Situationen med stenkast mod danske bilister er i Svergie er så alvorlig, at statsminister Mette Frederiksen nu har taget det op med sin svenske kollega Stefan Löfven. Det fortæller hun på et pressemøde fra Bruxelles. Svensk politi har modtaget mindst 60 anmeldelser om stenkast mod biler på de sydsvenske veje, og langt de fleste af dem kommer fra danskere. - Jeg er både forundret og fuld af bekymring. Det er livsfarligt, hvad der foregår, og det er klart, at det ikke kan fortsætte, siger Mette Frederiksen. Samtidigt forklarer hun, at Löfven deler den holdning, og at svensk politi allerede torsdag flyttede politiressourcer til Sydsverige for at komme til bunds i sagen. De fleste stenkast er sket på motortrafikvejen E65, som er vejen mellem Malmø og færgelejet i Ystad, og derfor en hovedfærdselsåre mellem Bornholm og resten af Danmark. ",1,test,1,0.751547377021328
40,"Region Sjælland har i årevis ikke formået at få kvinderne til at blive skannet til tiden. Nu viser en ny opgørelse, at der er tale om flere tusinde for sent udførte skanninger. Det drejer sig om cirka halvdelen af de kvinder, der skulle have været inddraget i det landsdækkende screeningprogram for brystkræft. Det fremgår af en aktindsigt, som TV 2 har fået. Regionen har ikke selv overblik over, hvor mange kvinder der er tale om, men opgørelsen viser, at det drejer sig om 4200 tilfælde i perioden 1. januar 2021 til 31. marts 2022. Det er kvinder, der enten ikke er blevet kontaktet af regionen eller ikke har meldt sig til tiden, som ikke er blevet inddraget i programmet. - Det er rigtig ærgerligt, og det er også ærgerligt for de kvinder, der har brug for det her screeningsprogram, siger regionsrådsformand Stephanie Lose (V) til TV 2.",0,test,0,0.9041777667513407
41,"Det var en kunst at samle en ø mod en minister. Men det lykkedes. Det mener flere eksperter, der torsdag aften kommenterede på det sociale medie Twitter. Her kunne man se og høre, hvordan flere hundrede langelændere i ø-byen Østermarie vred sig i frustration over besøget af indenrigsminister Mattias Tesfaye (S). - Det er en kunst at samle en ø mod en minister. Men det lykkedes her, skrev for eksempel politisk kommentator Hans Engell. Han blev bakket op af flere andre eksperter, der alle pegede på, at det var nøje planlagt, at den socialdemokratiske minister blev mødt med så meget vrede. - Det er helt tydeligt, at der har været et stort arbejde bagved. Det er ikke bare spontant, sagde Rune Lykkeberg, der er tidligere chefredaktør på Jyllands-Posten og nuværende direktør for mediebureauet Mediekompagniet.",0,test,0,0.8080037470507095
42,"Fra 1. september vil man igen kunne betale med kontanter i busser og Flextrafik i København. Det skriver Movia, der står for drift af bus- og togdrift i hovedstadsområdet, på sin hjemmeside. Årsagen til, at man fra 1. januar 2020 stoppede med at modtage kontanter i busser og Flextrafik skyldtes en ""omstilling"", hedder det på hjemmesiden. - Vi har nu vurderet, at vi er klar til at genindføre muligheden for at betale med kontanter i vores busser og Flextrafik, lyder det. Movia understreger dog, at man fremover vil anbefale brugerne at betale med enten MobilePay eller et rejsekort. - Vi ser frem til at tage imod kontanter igen og glæder os over, at der er så mange, som fortsat foretrækker at betale med kontanter, skriver Movia på sin hjemmeside.",0,test,0,0.5102513011946536
43,"Sygeplejerske Luca Pristed har tirsdag afleveret sin opsigelse til sin arbejdsgiver på Rigshospitalet i København. Det sker som en del af en landsdækkende protest, hvor flere end 1000 sygeplejersker har valgt at sige op i protest mod deres arbejdsforhold. - Jeg er simpelthen så træt af, at vi ikke bliver hørt. Vi bliver ikke taget alvorligt, og det er derfor, jeg har valgt at sige op, siger Luca Pristed til TV 2. Hun understreger, at hun ikke har lyst til at arbejde på et hospital, hvor der ikke er tid til patienterne. - Det er ikke noget, jeg gør med glæde. Men det er noget, jeg gør, fordi jeg synes, det er vigtigt, at vi viser vores utilfredshed på den her måde, siger hun.",0,test,0,0.9153240327154601
44,"En fireårig dreng er kommet lettere til skade, efter at han faldt ud af et vindue på fjerde sal i en boligblok i Vanløse lørdag eftermiddag. Det oplyser Københavns Politi på Twitter. Drengen slap med et brækket ben og en mindre skade på hovedet. Politiet modtog anmeldelsen klokken 15.45, og det tog kort tid at få fastslået, at der var tale om et ulykkescenario. - Drengen var alene hjemme, da han faldt ud af vinduet. Han blev fundet af sin mor, lyder det fra politiet. Politiet oplyser ikke yderligere om sagen, men TV 2 er i kontakt med Børnehuset København, som bekræfter hændelsen over for TV 2.",0,test,0,0.7896111154352835
45,"Boligpriserne er steget så meget, at det nu er på tide at gribe ind. Sådan lyder det fra flere politikere, der ønsker en regulering af priserne på boligmarkedet. Men det er ikke nødvendigt med et indgreb, mener ejendomsmæglerkæden EDCs direktør, Brian Lindberg. - Vi har i forvejen en regulering af boligmarkedet i Danmark. Det er skatter og afgifter, som regulerer markedet. - Så det er lidt svært at se, hvad et nyt reguleringsmæssigt indgreb skulle kunne gøre, som ikke allerede er der, siger han til TV 2. I stedet peger han på de nuværende reguleringer som forklaring på de høje priser. - Det er jo ikke fordi, at vi mangler reguleringer. Det er jo blandt andet den såkaldte kvælstofregulering, der har presset priserne op de seneste år.",0,test,0,0.7384666309045352
46,"Carlsberg betalte en billet til Morten Bødskov til EM-finalen i fodbold i 2012. Det skriver Ekstra Bladet. Ifølge avisen er det et beløb på omkring 1000 kroner. Det var en medarbejder i Carlsberg, der betalte billetten, da Morten Bødskov var justitsminister. Det skete ifølge Ekstra Bladet, fordi Morten Bødskov ikke selv havde mulighed for at betale. Ifølge Ekstra Bladet er det i strid med reglerne for gaver til ministre. Det vurderer professor i forvaltningsret på Københavns Universitet Jens Elo Rytter. - Det er en gave, og den er væsentlig. Derfor skal den registreres, og der skal gives en undskyldning og en refusion, siger han til TV 2. Morten Bødskov fortæller til Ekstra Bladet, at han ikke husker detaljerne om arrangementet. Men han understreger, at han ikke har glemt reglerne for ministre om indkøb og gaver.",0,test,0,0.9367951946992211
47,"Det bliver fremover ulovligt at sælge tobak i pakker med forskellige designs. Det har Folketinget mandag vedtaget. Det skriver Sundhedsministeriet i en pressemeddelelse. Med lovforslaget bliver det også forbudt at sælge tobak i små pakker, der indeholder mindre end 20 cigaretter eller mindre end 40 gram røgtobak. Det betyder, at alle nye tobakspakker skal være ens. Det gælder også for eksisterende pakker, som fortsat må sælges, indtil de udgår. - Tobaksprodukter er farlige produkter, og vi skal gøre alt, hvad vi kan, for at mindske brugen af dem. Derfor er jeg rigtig glad for, at Folketinget nu gør det muligt at fjerne de farverige design på tobakspakkerne og samtidig indfører et helt neutralt pudebudskab om de sundhedsskadelige effekter af tobaksbrug, siger sundhedsminister Magnus Heunicke (S) i pressemeddelelsen.",0,test,0,0.7383819299835795
48,"Mandag morgen brød et sjældent syn bølgerne under Storebæltsbroen, da en 154 meter lang, russisk atomdreven ubåd sejlede mellem betonbenene. Forsvarskommandoen bekræfter over for TV 2, at den russiske ubåd er i dansk farvand med kurs mod Skt. Petersborg. Der skal den i slutningen af juli deltage i arrangementet 'Flådens Dag'. Den atomdrevne ubåd er døbt 'Orel' og har kapacitet til både krydsermissiler og torpedorør. Ditte Dyreborg, der er orlogskaptajn og ubådsekspert, fortæller, at det er en af verdens største ubådstyper. - Det er en jagtubåd, hvis formål er at uskadeliggøre hangarsskibsgrupper, siger hun om ubådstypen, der er bygget under den Kolde Krig. 'Orel' er svær at overse - den måler 154 meter i længden og 20 meter i bredden og kan sejle med mere end 50 kilometer i timen under vandet.",1,test,0,0.5160648607577668
49,"TV 2 har de seneste dage fortalt, hvordan udenlandske datakøbmænd indsamler og videresælger data om tusinder af danskeres præcise færden. Oplysningerne stammer fra apps, som danskerne har installeret på deres mobiltelefoner, og som de har givet lov til at spore deres mindste bevægelser - ofte uden at være bevidste om det. Den praksis vil Forbrugerrådet Tænk have stoppet. - Vi mener, at det er helt ulovligt, så det er meget frustrerende at høre, at det har været så let at købe disse data. Det er dybt problematisk og meget intimiderende i forhold til privatlivets fred. Det er jo meget personlige oplysninger, der er tale om, siger Anja Philip, der er formand for Forbrugerrådet. ",1,test,0,0.6542404432423813
50,"1. juni gik Sundhedsministeriets nye app med sundhedskortet i luften, og når man åbner app'en, bliver man spurgt, om man har husket at tage stilling til organdonation. Efter 30 dage med app'en var der kommet 51.960 nye registreringer. Det viser tal fra Dansk Center for Organdonation. De knap 52.000 registreringer svarer til antallet af registreringer på et helt gennemsnitsår. - For det første underbygger det den viden, vi har om, at to ud af tre allerede har taget stilling, men ikke har fået det registreret. Sådan en påmindelse her er super effektiv overfor dem. Det er virkelig effektivt og super godt for alle, siger Helle Haubro Andersen, som er centerleder i dansk Center for Organdonation. ",1,test,1,0.6849051425437186
51,"René Skov Sørensen sad helt stille i sin bil den dag i sommeren 2006. Han holdt bagerst i køen og ventede på, at bilerne passerede, så han kunne dreje ud på Guldbergsgade i Silkeborg. Men så langt nåede han aldrig. En bagvedkørende bil ramte ham med 70 kilometer i timen. Chaufføren, en påvirket kvinde, havde overset René Skov Sørensen og den lange bilkø. I et kort øjeblik blev alt slukket, men René Skov Sørensen kom hurtigt til sig selv igen. Han fik bugseret sig ud af bilen for at tale med føreren af bilen, der ramte ham. Men hun flygtede fra stedet og efterlod René Skov Sørensen i en forfatning der gjorde, at han aldrig kom til at arbejde normalt igen.",1,test,1,0.8370779133936996
52,"Støtte til øget videoovervågning og vagter. Det er den ønskeliste, der umiddelbart kommer fra Lars Lausten, formand for Bording Erhvervsforening og direktør hos XL Byg Brejnholt/Bording i Bording. Ønskerne kommer, efter udlændinge- og integrationsminister Mattias Tesfaye (S) forleden i en pressemeddelelse, hvor han droppede planerne om et nyt udrejsecenter på Langeland, også oplyste, at han vil give beboerne omkring det eksisterende udrejsecenter Kærshovedgård ""en hjælpende hånd"". - Private og erhvervsdrivende, som har oplevet øget utryghed, skal have mulighed for at søge støtte til sikkerhedsforanstaltninger, skriver Mattias Tesfaye i pressemeddelelsen. - Jeg synes, det er helt rimeligt, at hvis der skal hænges et kamera op eller opføres et hegn, så må staten til lommerne, siger Mattias Tesfaye til TV 2.",1,test,1,0.5624434160059147
53,"Flere personer kom sidst på eftermiddagen til skade ved en alvorlig trafikulykke på Kalundborgvej ved Svebølle. I alt blev ni personer blev bragt til forskellige sygehuse på Sjælland, herunder blev én person fløjet med helikopter til Rigshospitalet i København. Det oplyser vagtchef Lars Galasz fra Midt- og Vestsjællands Politi til TV 2. Senere på aftenen har politiet oplyst til Ritzau, at to af de ni er bragt til Rigshospitalet i kritisk tilstand, mens to børn også er blevet til flyttet til Rigshospitalet. Tidligere skrev politiet på Twitter, at fem personer var i kritisk tilstand efter ulykken. Det har politiet senere nedvurderet til to, oplyser vagtchefen. Han tilføjer, at tre personbiler var involveret i ulykken. Den ene bil kørte ad Kalundborgvej mod Kalundborg, da føreren faldt i søvn bag rattet og kørte over i den modsatte vejbane.",1,test,1,0.7948099398224279
54,"Samler bilen støv i carporten, er det måske nu, du skal overveje at sælge den. Prisen på brugte biler er i gennemsnit steget 12 procent det seneste år. Det viser tal fra Bilbasen.dk, en digital markedsplads, der formidler køb og salg af nye og brugte biler. Hovedårsagen til prisstigningen er et fald i udbuddet af brugte biler. Fra april 2020 til nu er antallet af brugte personbiler til salg på Bilbasen faldet med 30 procent. Fra 63.000 til 44.000. - Sidste år blev der sat rekord med over 440.000 solgte brugte biler i Danmark, og den efterspørgsel er fortsat i 2021. Så markedet er glohedt, siger Jan Lang, der er markedsanalytiker hos Bilbasen.",1,test,1,0.5545547460180212
55,"Sygeplejerskestrejken er blevet skudt i gang, fordi sygeplejersker er utilfredse med deres løn. Og mens strejken er på vej ind i sin ottende uge, mærker patienter på tværs af landet de direkte konsekvenser af de manglende sygeplejersker. Siden 19. juni er knap 50.000 behandlinger blevet udsat, og de kommende uger skal endnu flere patienter se langt efter en tid på hospitalet. Tirsdag blev strejken nemlig udvidet med 702 sygeplejersker, og nu strejker i alt 5452. Samtidig tegner strejken til at blive den længst varende konflikt på det offentlige arbejdsmarked i nyere tid. Det går mest ud over de patienter, der skulle have haft en knæ- eller hofteoperation, mens den seneste udvidelse af strejken særligt rammer dem, der er i fertilitetsbehandling.",1,test,1,0.8796994851784716
56,"En mand er mandag formiddag blevet fremstillet i grundlovsforhør i Retten på Frederiksberg, hvor han er blevet tiltalt for at svindle 320 millioner kroner ud af Danmark. Det oplyser specialanklager ved Statsadvokaten for Særlig Økonomisk Kriminalitet (SØK) Anders Riisager til Ritzau. - Det er en sag, vi har arbejdet med i mere end et år, og den er meget omfangsrig, siger han. Ifølge TV 2s oplysninger har den tiltalte tidligere arbejdet sammen med Sanjay Shah, der er hovedpersonen i udbyttesagen. Shah blev i februar idømt syv års fængsel for at svindle 3,7 milliarder kroner ud af Danmark ved hjælp af udbytteskat. Shah var den første person, der blev dømt i udbytteskandalen, og han var også den første person, der blev dømt til fængsel i sagen.",0,test,0,0.7317599643573889
57,"Hvis du har været på ferie i et varmere land og har fået en grøn plante med hjem, skal du ikke regne med, at den gror i Danmark. Det fortæller Jens Borum, der er formand for Naturstyrelsens bestyrelse. - Vi har ikke de samme klimaforhold herhjemme som i Sydfrankrig eller Spanien. Så det kan være, at den plante, du har fået med dig, ikke kan overleve herhjemme, siger han. Planten kan derfor ende med at dø. Men det er ikke det eneste problem, fortæller Jens Borum. - Hvis man har en plante med frø eller planter, som har uønskede skadedyr eller bakterier på sig, så kan det være en katastrofe for dansk natur, siger han.",0,test,0,0.9654804458096603
58,"Grønlands regering har besluttet sig for ikke at søge om tilladelse til yderligere olieboringer i det kommende år. Det oplyser det grønlandske ministerium for natur, miljø og landbrug i en pressemeddelelse. - Vi har besluttet os for ikke at søge om olieboringer i 2023, fordi vi vil bruge tid på at udvikle en ny strategi for den grønlandske økonomi, som skal danne grundlag for en ny olie- og gasstrategi, lyder det. Regeringen understreger samtidig, at den vil fastholde sin ""vision om et fossilfrit Grønland"". Beslutningen kommer efter et møde tirsdag mellem regeringens fire partier. Det er især hensynet til klimaet, der har fået regeringen til at droppe yderligere olieboringer.",0,test,0,0.8864010018803494
59,"Tusindvis af studerende har ikke fundet sig en uddannelse, og det presser erhvervslivet. Det gælder især inden for it-området, hvor der mangler mellem 3000 og 5000 studerende årligt. Det skriver Børsen. Ifølge brancheorganisationen Dansk IT er der behov for at optage mellem 7000 og 9000 nye studerende årligt på de videregående uddannelser inden for it. Men i år blev der optaget cirka 5000 studerende på de videregående it-uddannelser, viser tal fra Styrelsen for Videregående Uddannelser. Det er færre end i de foregående år, og det presser erhvervslivet, der mister omsætning og ordrer, fordi der mangler it-uddannede.",0,test,0,0.6465583285688841
60,"De første nye ejendomsvurderinger i ti år er på trapperne. Boligejerne kan fra 1. juli selv se deres nye vurdering på Skats hjemmeside, og fra samme dato kan de også selv rette fejl i vurderingen. Det oplyser Skat i en pressemeddelelse. Fra 1. august vil boligejerne modtage et brev med en kopi af vurderingen og en forklaring på, hvordan den er lavet. Samtidig vil der stå en frist for, hvornår man kan rette fejl i vurderingen. Hvis man har rette fejl inden for fristen, vil man modtage en ny vurdering med den korrekte værdi. Man vil også kunne få tilbagebetalt eventuelle udgifter til eksempelvis ejendomsmæglerbistand til at rette fejl i vurderingen. Skat oplyser, at der vil være mulighed for at få en personlig rådgiver hos dem til at hjælpe med at rette fejl i vurderingen.",0,test,0,0.5479061288201208
61,"Et stort antal personfølsomme oplysninger om danske studerende er i øjeblikket tilgængeligt for enhver, der har lyst til at søge på nettet. Det skyldes, at en database med oplysninger om omkring 100.000 studerende på Københavns Universitet er blevet lækket. Det skete torsdag aften, hvor en studerende på KU opdagede, at han med få klik kunne se andres cpr-numre. Lækket har været gemt bag en sløret adresse på nettet, og det har krævet en såkaldt reverse lookup-tjeneste at finde frem til den. TV 2 har ved hjælp af denne tjeneste fundet adressen, og her kan man se, at den indeholder et stort antal filer med informationer om de omtrent 100.000 studerende.",0,test,0,0.8657316266165549
62,"En person har klaget til Datatilsynet over, at Facebook ikke fjerner et billede, hvor statsminister Mette Frederiksen viser en udstrakt finger til kameraet. Det skriver tilsynet i en pressemeddelelse mandag. - Udfordringen er, at målet med en klagesag ofte vil være at få billedet fjernet. Og det er allerede sket, siger Datatilsynets direktør, Astrid Østergaard, i meddelelsen. - Derfor kan vi ikke behandle en klage over et fjernet indhold. Men vi kan behandle en klage over den måde, Facebook behandler klager på, tilføjer hun. Klagen blev indgivet i slutningen af maj. Mandag har Datatilsynet endnu ikke modtaget nogen begrundelse fra Facebook for, hvorfor det ikke fjerner billedet.",0,test,0,0.9150598551610247
63,"Det var en helt vanvittig oplevelse. Det var som at være i en film. Det var så skræmmende. Og det var ikke kun den 17-årige pige, der fik livet reddet i torsdags eftermiddag i Vallensbæk Idrætscenter, der har været udsat for en traumatisk oplevelse. Det fortæller flere forældre til TV 2. De mener, at personalet i svømmehallen ikke reagerede tilfredsstillende på den livsfarlige situation, som deres børn var i. Det var pigens klassekammerater fra 10. klasse, der både fik den 17-årige pige op fra bunden af bassinet og indledte livreddende førstehjælp. - Jeg er meget stolt af mine børn, som hurtigt reagerede og gjorde, hvad de skulle. Men jeg er også meget ked af, at personalet ikke gjorde det samme, siger en af pigernes forældre til TV 2.",0,test,0,0.7474648035891568
64,"En dansk delegation har siden mandag været på besøg i det nordøstlige Syrien, hvor man blandt andet har besøgt de lejre, der huser kvinder og børn med dansk tilknytning. Det oplyser både de kurdiske myndigheder, som TV 2 har talt med, og udenrigsminister Jeppe Kofod (S). Formålet med besøget er at afdække, om evakuering af de danske børn kan gennemføres, uden at deres forældre følger med. - Det er endnu for tidligt at drage nogen konklusioner på baggrund af besøget. Så snart resultatet af task forcens arbejde ligger klar, vil vi indkalde Folketingets partier til konsultationer, siger han i en skriftlig kommentar. Delegationen består blandt andet af repræsentanter fra Borgerservice og læger, der ifølge TV 2s oplysninger har tilset kvinder og børn med dansk tilknytning, der opholder sig i fangelejr.",1,test,0,0.8115102664904132
65,"Udlændingeminister Mattias Tesfaye (S) og udviklingsminister Flemming Møller Mortensen (S) blev advaret om forholdene i det afrikanske land Rwanda, længe inden de besøgte landet i slutningen af april. Det viser et internt dokument, som Jyllands-Posten har fået indsigt i. De to ministre er tidligere blevet kritiseret for deres rejse. Det skete i forbindelse med planerne om at lave et modtagecenter uden for EU til behandling af asylsager. Det interne dokument er skrevet af regeringens embedsmænd. Det blev sendt til ministrene over mail den 18. februar. I dokumentet står der blandt andet, at internationale menneskerettighedsorganisationer fortæller om ""krænkelser af politiske og civile menneskerettigheder"" i Rwanda. - Regeringen anklages bl.a. for at forhindre oppositionspartiers virke samt for at udøve vilkårlige og ulovlige drab og forsvindinger på politiske modstandere, står der i dokumentet.",1,test,0,0.5854932580194754
66,"Tirsdag klokken 20.19 fik Syd- og Sønderjyllands Politi en anmeldelse om, at et mindre fly er styrtet ned på en mark ved Koldingvej mellem Toftlund og Gabøl i byen Åbøl. Det fortæller Ole Aamann, vagtchef for Syd- og Sønderjyllands Politi. Han bekræfter, at der er tale om et mindre fly. - Et meget lille fly med én person ombord letter, hvorefter det styrter ned og rammer jorden. Personen ombord på flyet er afgået ved døden på stedet, siger han. Der er tale om en 60-årig mand - de pårørende er blevet underrettet. Vagtchefen fortæller, at flyet brød i brand. Hvorvidt dette skete i luften eller efterfølgende, kan han dog ikke sige noget om.",1,test,1,0.5715657381323818
67,"I forbindelse med branden på en laksefabrik i Hvide Sande onsdag aften, er der sket et kemikalieudslip i havområdet. Kemikalierne er sluppet ud i fjorden og har farvet vandet rødt. Det kan være ætsende ved berøring. Det oplyser Midt- og Vestjyllands Politi på Twitter. Politiet var torsdag eftermiddag i færd med at få badende, surfere og andre i området til at søge op på land. - Politiet er til stede ved surfstedet syd for Hvide Sande - også med både for at få folk i land, skrev Midt- og Vestjyllands Politi klokken 14.15. Også Forsvaret bistod i aktionen ved at give politiet et overblik fra luften. Omkring 70 brandfolk har i løbet af natten til torsdag været i aktion. Torsdag morgen var branden under kontrol.",1,test,1,0.6253568162078619
68,"Hvis du synes, at turen til tankstationen er blevet dyrere, så er du ikke helt skævt på den. Onsdag formiddag har standere flere steder i landet vist priser på op til 13,89 kroner per liter benzin. Det er blot otte øre fra rekordprisen i september 2012, hvor prisen sneg sig op på 13,97 kroner. Det viser tal fra fuelfinder.dk og Drivkraft Danmark, der er brancheorganisation for de virksomheder, der leverer brændstof. - Vi er på højde med det højeste niveau, vi nogensinde har set, siger brændstofsdirektør i Circle K, Peter Rasmussen, til TV 2. De høje priser er ikke et fænomen, der begrænser sig til Danmark. Den dyrere benzin skyldes stigende oliepriser på verdensplan, som efter et kollaps ved coronapandemiens udbrud nu har fundet sit højeste niveau i flere år.",1,test,0,0.598876424406398
69,"Dronning Margrethe besøger i disse dage Grønland, og lørdag holdt hun tale til det grønlandske folk under en middag i Nuuks kulturhus. I talen kom dronningen både ind på emner som coronakrisen, kulturen og naturen i Grønland, som hun roste. Derudover talte hun om, hvordan historiske begivenheder påvirker os i dag, og i den forbindelse bed kongehusekspert og historiker Lars Hovbakke Sørensen særligt mærke i én ting. Dronningen talte om 5. Thule-ekspedition som ""et godt billede på det rigsfællesskab, vi har i dag"". 5. Thule-ekspeditionen var en af Danmarks- og Grønlandshistoriens mest omfangsrige ekspeditioner, og formålet var at indsamle viden om inuitbefolkningen. - Som på ”den store slæderejse” (en beretning om 5. Thule-ekspedition, red.) er sammenholdet til gavn for os hver især og til gavn for hele fællesskabet. ",1,test,1,0.9153359815457477
70,"Det er pudsigt med vand og huspriser: Har man udkig til det våde element fra sin bolig, skal man formentlig betale mere end ellers. Men har man risiko for at få det samme vand på besøg i form af en oversvømmelse, kan det skære op til flere hundredetusinde kroner af salgsprisen. I en ny analyse har Nationalbanken således regnet sig frem til, at huse, der kan blive ramt af oversvømmelse i tilfælde af en såkaldt 100-årshændelse, bliver solgt 6 procent billigere end lignende huse, der ikke har samme risiko. For et hus til 1,6 millioner kroner svarer 6 procents rabat til næsten 100.000 kroner. For et hus til 3,2 millioner kroner er afslaget det dobbelte.",1,test,0,0.7455133820672697
71,"Nul personer er i løbet af tre år blevet henvist til jobs via jobcenteret i Aalborg, skriver Nordjyske. Alligevel er byens borgmester, Thomas Kastrup-Larsen, fint tilfreds med jobcenterets præstation. Da Berlingske for en måned siden skrev, at de københavnske jobcentre ikke havde henvist nogen personer til job på to år, var reaktionen ellers en anden. Beskæftigelsesborgmester i København Cecilia Lonning-Skovgaard (V) kaldte de nul henvisninger for ""rystende"", og chefen for jobcentrene blev fjernet fra sin post. Hvordan hænger det sammen, at det, der er god praksis i Nordjylland, resulterer i en fyring i København? Nøglen til at forstå det ligger i, at barren for et vellykket jobcenter bliver sat af politikere, lyder det fra Bent Greve, der er professor i arbejdsmarkedsforskning ved Roskilde Universitet.",1,test,1,0.7142872979613253
72,"En forening mod en planlagt feriepark på Møn har fået tusindvis af underskrifter. Det skriver Sjællandske. Foreningen hedder 'Foreningen mod Feriepark på Møn' og har nu over 2200 medlemmer. Det er sket i løbet af kort tid, fortæller formand for foreningen, Jens Kofoed, til TV 2. - Vi har fået over 2000 underskrifter inden for en uge. Det er helt vildt, siger han. Planerne om en feriepark på Møn har vakt stor modstand blandt flere end 2000 beboere på øen. Det skyldes især, at der ifølge planerne skal bygges en golfbane med 18 huller i området ved Hesselholt nordvest for Rødehave. Golfbanen er et af de centrale elementer i milliardæren Anders Holch Povlsen's planer for den nye feriepark. ",0,test,0,0.6875616717665354
73,"To fotografer og en kulturminister får nu kritik af Pressenævnet for at have deltaget i en billedserie, hvor de poserede med våben. Det skriver Pressenævnet i en pressemeddelelse. I sagen mod kulturminister Ane Halsboe-Jørgensen (S) har nævnet vurderet, at hun har brudt god presseskik ved at deltage i billedserien 'The Gun Series'. - Kulturministeren har ved deltagelse i billedserie med våben og ammunition givet udtryk for, at det er acceptabelt at bære våben, uanset om det er i forbindelse med kunstnerisk fotografering eller ej, lyder det i afgørelsen. Afgørelsen mod fotografen Rasmus Flindt Pedersen og Jim Lyngvild er mere knibsk. Begge har brudt god presseskik ved deltagelse i billedserien, mener Pressenævnet.",0,test,1,0.6318431225098656
74,"En 71-årig kvinde fra Horsens er tirsdag eftermiddag blevet anholdt og sigtet for spirituskørsel efter tre uheld på samme sted. Det oplyser vagtchef ved Midt- og Vestjyllands Politi Henrik Sønderskov. Første gang kvinden var involveret i et uheld, var ved 12-tiden, hvor hun ramte en anden bil med venstre baghjul. Herefter ramte hun et hegn, inden hun nedlagde et skilt og et hegn. - Herefter kører hun ind i en anden bil med venstre baghjul, siger vagtchefen. Den 71-årige kvinde blev derefter standset af politiet på grund af mistanke om spirituskørsel. - Hun har ikke været særlig samarbejdsvillig, men vi har fået taget en blodprøve, som skal undersøges, siger Henrik Sønderskov. Politiet modtog anmeldelsen om de tre uheld klokken 12.45.",0,test,0,0.5962259093625952
75,"Torsdag morgen nedlagde 200 sygeplejersker ved Aalborg Universitetshospital arbejdet. Det førte til, at der ikke kunne ydes behandling til patienter på hospitalet. Nu har Arbejdsretten afsagt dom i sagen, hvor sygeplejerskerne blev pålagt en bod på 100.000 kroner. Boden skal betales inden 14 dage. - Vi er skuffede og overraskede over, at Arbejdsretten har valgt at følge hospitalets påstand om en bod, siger formand for Dansk Sygeplejeråd Camilla Rathcke. - Vi mener ikke, at det er en arbejdsnedlæggelse, da vi gennemførte en lovlig sympatikonflikt. Derfor anker vi dommen. Sygeplejerskerne nedlagde arbejdet i protest mod den nye sygeplejefaglige model, der trådte i kraft 1. januar 2021.",0,test,0,0.5205827897267452
76,"Et flertal i EU-Parlamentet ønsker at sænke hastigheden i byerne med 10 kilometer i timen. Det skriver flere medier, heriblandt Reuters og Jyllands-Posten. Forslaget kommer fra et stort flertal bestående af socialdemokrater, grønne og venstrefløjsgrupper. - Vi vil ikke bare se på bilerne, men også på vejene, som er blevet for smalle, siger Jeppe Kofod (S), der er medlem af parlamentets trafikudvalg, til Jyllands-Posten. Forslaget skal nu forhandles med Europa-Kommissionen og med de øvrige institutioner i EU. Kommissionen har et mål om nul trafikdrab i 2050. Årligt dør 22.700 mennesker i trafikulykker på europæiske veje. Ifølge Jyllands-Posten er der i Danmark ingen undersøgelser af sammenhængen mellem fart og ulykker. Men ifølge Vejdirektoratet er der en sammenhæng mellem fart og risiko for at blive dræbt eller alvorligt tilskadekommet ved en ulykke.",0,test,1,0.5676049224396765
77,"Det er ikke en god idé at skifte navn fra Loud til 24syv. Det mener flere brandingeksperter, efter at radiokanalen har fået massiv kritik for deres arbejdsforhold og for at have dræbt Radio24syv. - Det er en dårlig idé, fordi det styrker selve fortællingen om, at de slog Radio24syv ihjel, siger Martin Lind Jensen, der er partner i brandingbureauet BrandLab. Han henviser til, at radiokanalen selv styrker den fortælling ved at skifte navn. - De gør det samtidig med, at de forsøger at ændre fortællingen om arbejdsforholdene. Det er to ting, der ikke hænger sammen, siger han. 24syv blev lanceret som en ny radiokanal i 2021. I forbindelse med lanceringen af den nye kanal blev det besluttet, at den skulle overtage programfladen fra det tidligere P1-programmet '24 timers dækning'.",0,test,0,0.7591299918720699
78,"En taxavognmand fra København mister nu sin taxa, fordi hans chauffør kørte alt for stærkt. Det skriver Færdselsstyrelsen i en pressemeddelelse. Den mandlige taxachauffør blev standset af færdselsbetjente med laser på Helsingørmotorvejen ved Klampenborg lørdag aften. Her kørte han med en hastighed på 180 kilometer i timen på en strækning, hvor man må køre 80 kilometer i timen. Det er vanvidskørsel. Taxachaufføren blev derfor sigtet for overtrædelse af færdselslovens paragraf 54, stk. 1, som handler om at køre ""ubevist med væsentligt overskreden hastighed"". Færdselsstyrelsen har beslaglagt taxaen, og den mandlige taxavognmand har mistet retten til at køre som vognmand. - Vi kan ikke acceptere så høje hastigheder i vores taxier. Det er farligt for chaufføren selv, men også for andre trafikanter, siger Henrik Saugmann, chefkonsulent i Færdselsstyrelsen, i pressemeddelelsen.",0,test,1,0.5210892449315595
79,"Hvis renten stiger, vil det påvirke boligmarkedet. Og det vil ske, fordi de danske boligejere har lånt til en højere rente end den, de får i dag. Det erkender Nationalbanken i en ny analyse. Men selvom rentestigninger kan være en realitet om få uger, er det ikke ensbetydende med, at boligmarkedet knækker. Det vurderer senioranalytiker i Sydbank Søren Kristensen. - Det er ikke sikkert, at vi ser et boligmarked, der knækker sammen, bare fordi renten stiger, siger han. I Nationalbankens analyse konkluderer banken, at en rentestigning på 0,5 procentpoint vil betyde en stigning i boligudgifterne på 0,3 procentpoint. Det vil sige, at hvis renten stiger med 1,5 procentpoint, vil boligejerne i gennemsnit have højere udgifter med 0,45 procentpoint.",0,test,0,0.7901848849441339
80,"Beskyttelsen af fortidsminder i Danmark er i nogle tilfælde så markant, at det hæmmer almindelige menneskers adgang til at nyde dem, mener kulturminister Ane Halsboe-Jørgensen (S). Derfor vil hun arbejde for at ændre reglerne, skriver hun i en pressemeddelelse. - Så mange som muligt skal kunne opleve, forstå og have glæde af vores fælles kulturarv. Debatten om blandt andet Nyborg Slot og Bette Jenses Hyw har vist, at den nuværende lov trænger til en opdatering. - Derfor skal vi have en endnu bedre balance mellem beskyttelse, formidling og tilgængelighed, skriver ministeren i pressemeddelelsen. Fortidsminder - eller retteligt fredede fortidsminder - er levn og kulturarv fra den danske historie. Det kan være alt fra gravhøje til bygninger. De er beskyttet mod ""alle fysiske indgreb"".",1,test,1,0.5936054664613231
81,"De mennesker, der skal passe de syge, gamle og udsatte, bliver selv syge af at gå på arbejde. Sådan lyder forklaringen på det høje sygefravær hos landets social- og sundhedsmedarbejdere. De godt 72.000 fuldtidsbeskæftigede på sosu-området havde 17,1 sygedage i gennemsnit i 2020, altså lidt flere end tre fulde arbejdsuger. Det viser en dataanalyse på baggrund af tal fra Regionernes og Kommunernes Løndatakontor ifølge Berlingske. - Det er stærkt bekymrende og viser, at der er noget helt galt, når det er så mange sygedage, erkender Torben Klitmøller Hollmann, der er formand for social- og sundhedsmedarbejderne i fagforeningen FOA, til TV 2. Ifølge FOA-formanden er det et presset personale, som bukker under for stadig mere pressede forhold i sundhedssektoren.",1,test,1,0.713916020837263
82,"For få uger siden brød 22-årige sygeplejestuderende Anders Heggset grædende sammen på sit praktiksted. Men hans kollegaer havde så travlt, at de ikke havde tid til at spørge ham, hvad der var galt. - De kunne se, at jeg havde grædt, men de kunne ikke gøre noget, siger han. Sammenbruddet skyldtes netop travlheden, som arbejdet som sygeplejerske byder på. For han følte ikke, at han have tid nok til at løfte det ansvar, han fik. - Det er det med ikke at føle sig kompetent og ikke at kunne få den hjælp, jeg har brug for, så jeg kan udføre mit arbejde. Jeg vil jo gerne gøre det godt, siger han. Og Anders Heggset er ikke alene. ",1,test,1,0.5485965176838855
83,"Den seksuelle aktivitet i USA er dalende. Og det gælder al aktivitet, både traditionelt samleje, hånd- og oralsex og samt onani. Det viser et nyt stort studie, som er beskrevet i mediet Scientific American. Studiet bygger på selvrapporteret data fra 4547 mennesker mellem 14 og 49 år. Der er sket et generelt fald i de seksuelle aktiviteter på tværs af alle aldersgrupperne i studiet. Andelen af de adspurgte, der for eksempel ikke havde haft samleje det seneste år, er i perioden 2009-2018 vokset fra 24 til 28 procent. Mest signifikant er dog udviklingen hos de helt unge mennesker. Antallet af drenge i alderen 14-17, der ikke kunne rapportere nogen seksuel aktivitet hverken alene eller sammen med andre, er i perioden fra 2009-2018 steget fra 28,8 procent til 44,2 procent.",1,test,1,0.74698985791224
84,"Poul Johan Svanholm, tidligere topchef i Carlsberg og formand for Danske Bank, er død. Han blev 88 år. Det oplyser familien til Politiken. Poul Johan Svanholm døde 17. november efter ""flere års svækket helbred"". Bisættelsen har fundet sted. Poul Johan Svanholm har haft et langt arbejdsliv, som har givet ham så mange titler og tilnavne, at her kun kan nævnes et fåtal: Kong Carlsberg, vindirektøren, viceborgmesteren, bankformanden og hr. Møllers fortrolige. Han blev i 1972 tilbudt stillingen som direktionsformand i Carlsberg. Det job tog han på sig i 1974 og beholdt det i 25 år frem. I det store bryggeri stod han i spidsen for at føre fusionen mellem Carlsberg og Tuborg fra 1970 ud i livet, og under hans ledelse begyndte Carlsberg også at orientere sig mod det internationale ølmarked.",1,test,1,0.5826560432935644
85,"Salget af cigaretter faldt markant i 2020, efter at der blev indført nye afgifter. I 2020 blev der solgt næsten en milliard færre cigaretter, og det var stærkt medvirkende til at sende det samlede tobakssalg sydover. Ifølge Danmarks Statistik, DST, er 2020's samlede tobakssalg det laveste siden 1945 - året, hvor Anden Verdenskrig sluttede. - Den 1. april 2020 steg afgiften på tobak, og så faldt salget af cigaretter. Ved årsskiftet kan rygerne igen se frem til højere afgifter. - Hver gang afgifterne er blevet sat op de seneste år, er salget af cigaretter altså faldet markant, skriver André Pedersen Ystehede, specialkonsulent i Danmarks Statistik, i en nyhed på statistikbankens hjemmeside. Det samlede tobakssalg er målt i millioner styk. Her tæller cigaretter, cigarer, cigarillos og pibetobak.",1,test,0,0.6545291593065474
86,"Danskerne forventer at købe krudt og raketter for 450 millioner kroner frem mod nytårsaften. Det viser en undersøgelse, som organisationen Dansk Erhverv har foretaget blandt 1510 personer. - Det er nogenlunde samme niveau som sidste år. Men tendensen er, at der er lidt færre, som vil købe fyrværkeri. Til gengæld vil de bruge lidt flere penge på det, siger politisk konsulent Frederik Bergenfelt Friis. Det er cirka hver fjerde husstand, der har planer om at købe nytårskrudt. De, som vil investere i fyrværkeri, vil i gennemsnit købe for 160 kroner per husstand. - Det er især mænd i alderen 40 til 49 år, der er glade for at købe fyrværkeri. Og så kan vi også se, at særligt én landsdel - Vestjylland - køber mere fyrværkeri end andre dele af landet.",1,test,0,0.640528440743604
87,"Første januar i år gik de første 3700 danskere på tidlig pension - den såkaldte Arne-pension. Og i alt har 10.888 danskere fået tildelt retten til at gå på tidlig pension i løbet af 2022. Det viser en ny opgørelse fra Beskæftigelsesministeriet. Det har været muligt for danskere at søge om retten til at forlade arbejdsmarkedet et, to eller tre år før tid, siden ordningen trådte i kraft 1. august 2021. Beskæftigelsesminister Peter Hummelgaard (S) siger i en pressemeddelelse, at retten skaber tryghed for de mennesker, der kan blive presset af den stigende pensionsalder. Den stiger som følge af det såkaldte velfærdsforlig fra 2006, der fastslår, at pensionsalderen skal stige, i takt med at levealderen også gør det. ",1,test,1,0.7838842447317573
88,"Landbrugsstyrelsen har i flere tilfælde givet urigtige oplysninger om eksempelvis kvælstofudledninger. Det viser en udredning, som Rigsrevisionen har fået lavet af Kromann Reumert. - Det er Rigsrevisionens vurdering, at Landbrugsstyrelsen i en række tilfælde ikke har overholdt sin oplysningspligt i forbindelse med måling og vurdering af kvælstofudledninger, står der i udredningen. Rigsrevisionen har bedt Kromann Reumert undersøge, om Landbrugsstyrelsen har overholdt sin oplysningspligt i forbindelse med målinger og vurderinger af kvælstofudledninger. Udredningen er en del af Rigsrevisionens gennemgang af styrelsens arbejde med at nedbringe landbrugets kvælstofudledninger. Kromann Reumert har blandt andet undersøgt fem sager om målinger og vurderinger af kvælstofudledninger fra landbruget. I tre af sagerne fandt revisorerne ikke grundlag for at kritisere styrelsen for urigtige oplysninger.",0,test,1,0.5083219043698161
89,"En 45-årig kvinde er afgået ved døden efter en trafikulykke i Vejle søndag eftermiddag. Det oplyser vagtchef ved Sydøstjyllands Politi Jesper Brøndum. Ulykken skete, da kvinden var på vej over fodgængerfeltet ved en rundkørsel. - Hun bliver ramt af en lastbil, som kører igennem fodgængerfeltet, siger vagtchefen. Lastbilchaufføren er ifølge vagtchefen ""meget påvirket"" af ulykken. - Han bliver også kørt til undersøgelse på hospitalet, siger Jesper Brøndum. Politiet fik anmeldelsen om ulykken klokken 15.45. Siden har de været i gang med at undersøge stedet og afhøre vidner. Derfor er det endnu ikke klart, hvordan ulykken formentlig er sket, oplyser vagtchefen.",0,test,0,0.5027593720218846
90,"Forbrugerne har i den seneste uge kastet sig over de mange tilbud, der er blevet præsenteret under Black Week. Det viser tal fra både Nets og MobilePay. Black Week er en årligt tilbagevendende begivenhed, hvor danskerne kan spare penge på en lang række varer og tjenester. For eksempel kan man spare op til 50 procent på rejser, op til 40 procent på tøj og op til 30 procent på elektronik. Forbrugerne har i den seneste uge købt for over 1,2 milliarder kroner via MobilePay og Nets' betalingsløsninger. Det er en stigning på hele 60 procent i forhold til sidste uges forbrug. - Det er ikke små summer, det drejer sig om, siger Per Hansen, der er chefanalytiker hos Sydbank. Han mener, at tallet viser, at Black Week har vist sig at være en stor succes.",0,test,0,0.6449188818317615
91,"Hvert år dør omkring 1000 danskere af hjertestop. Det er en af de hyppigste dødsårsager udenfor hospitalerne, og det er derfor vigtigt at vide, hvad man skal gøre, hvis nogen ryster ved en og begynder at falde om. For det kan være et tegn på, at der er sket et hjertestop. Hvis du ser en person falde om, skal du straks ringe 112. Men hvis du selv står over for at skulle give førstehjælp, kan du også gøre noget. Det vigtigste er at sikre, at pulsen kan mærkes. Så kan man vurdere, om der er puls, og derefter kan man sætte i gang med hurtig genoplivning. Det kræver ikke noget specielt udstyr eller nogen særlige kompetencer. Sådan gør du: - Tag fat i personens hage og brystkasse.",0,test,0,0.741662238144131
92,"Torsdag aften var der demonstration foran den russiske ambassade i København. Det var den fjerde demonstration mod Rusland, siden det blev bekræftet, at Rusland er skyld i den danske soldats død. Og selvom det er flere måneder siden, at Rusland invaderede Ukraine, så er foragten for præsident Vladimir Putin stadig stor blandt deltagerne. - Putin er en koldblodig morder, og han skal ikke have lov til at gøre, hvad han vil, siger Henrik Sørensen. Han er en af de mange demonstranter, som har valgt at tage til ambassaden for at vise deres utilfredshed med Ruslands invasion af Ukraine. Og selvom han ikke har nogen direkte forbindelse til Ukraine, så føler han alligevel et stort ansvar for at vise sin støtte.",0,test,0,0.7395186445559597
93,"Kommunernes tandlæger skal tilbyde gratis tandpleje til alle borgere under 30 år. Det foreslår Enhedslisten, og partiet har fået opbakning fra flere andre partier. Men det kan ikke lade sig gøre, mener Dansk Tandlægeforening, som repræsenterer de kommunale tandlæger. - Vi har ikke kapacitet til at lave den her ordning, og vi har heller ikke personale til det, siger formanden for foreningen, Torben Hansen, til TV 2. Han henviser til, at der i dag er mangel på tandlæger i hele landet. Derfor er der ifølge ham ikke mulighed for at prioritere de unge højere end andre grupper af patienter. - Vi har jo ikke nogen ledige pladser. Der er fuldt booket over hele linjen, siger han. Torben Hansen mener dog ikke, at det er et argument for ikke at gennemføre forslaget.",0,test,0,0.9170837588063253
94,"Tre personer er blevet kørt på skadestuen efter en brand på et plejehjem i Vanløse natten til mandag. Det oplyser vagtchef ved Københavns Politi Henrik Svejstrup. - Der er tre personer, som er blevet kørt på skadestuen for at blive undersøgt for røgforgiftning, siger vagtchefen. Ilden er opstået på et værelse på fjerde sal på plejehjemmet Lindegården. Det oplyser Københavns Brandvæsen til TV 2. Værelset ligger tæt på et fællesareal, hvor der også bor beboere. Derfor har brandfolkene måttet evakuere alle beboere på stedet for at få kontrol over ilden. - Der har været en del bevægelser i gang, da vi ankom, siger indsatsleder Steffen Hansen til TV 2. Ilden er nu slukket, og alle beboere er genhuset.",0,test,0,0.687181198183223
95,"Børn i børnehavealderen skal ikke have søde sager med i børnehaven. Og kage og slik skal være forbudt på fødselsdage i børnehaven. Det mener en række børnehaver, som er med i et projekt, der skal mindske sociale forskelle i børnehaverne. Det fremgår af en ny rapport fra Børnerådet. Rapporten viser, at der er store forskelle på, hvordan børnene fejrer fødselsdage i de forskellige børnehaver. Og det kan gøre nogle børn mere eller mindre populære blandt de andre børn, lyder det. - Nogle steder er der ingen fødselsdagskage, og nogle steder er der ingen slikposer. Men det er ikke alle steder, at man har valgt at lave regler om det, siger Anne-Marie Nybo Hansen, direktør for Børnerådet. Hun understreger, at hun synes, det er positivt, at man forsøger at ændre på de vaner i daginstitutionerne.",0,test,0,0.802023745896532
