,ID,text,label,prediction_tfid,probability_tfid
0,X101,fra søndag morgen er det ikke længere muligt at kommentere artikler på ekstra bladets nationen det siger chefredaktør kristoffer eriksen i presselogen på tv 2 news  vi skal ikke have det her anonyme mærkelige sted hvor man kan sidde og kalde sig tørstigmunk89 og så bare fyre den af med injurier racisme og sexisme og alt sådan noget det bidrager ikke med noget som helst godt siger eriksen der er en af to chefredaktører på avisen den anden chefredaktør hedder pernille holbøll og til ekstra bladet siger hun at en af bevæggrundene er en nylig megafonundersøgelse fra tv 2 undersøgelsen viser at 68 procent af danskerne afholder sig fra at deltage i debatter og samtaler på sociale medier fordi de synes at tonen er for hård det kalder hun dybt problematisk,1,1,0.5714913372978234
1,X102,der er planer om at opføre et stort antal enorme solcelleanlæg rundt om i danmark i de kommende år de skal hovedsageligt ligge i landkommuner og mange af dem vil blive placeret langt væk fra både forbrugerne og knudepunkterne i det danske elnet det kommer til at give store udfordringer og kan i værste fald betyde at nogle anlæg ifølge det statslige energinet i en årrække må køre på nedsat kraft eller i perioder stå ubrugte hen samlet set er der planer om at tilslutte 17 gw solcelleanlæg til det danske elnet de vil samlet kunne forsyne 57 millioner husholdninger med strøm og de vil fylde et areal på 239 km2 det viser en opgørelse foretaget af analysefirmaet kaas og mulvad på vegne af tv 2 til sammenligning er der i dag tilsluttet 06 gw store solcelleanlæg til nettet,1,1,0.5638233035491168
2,X103,et stort udbrud af salmonella med tre døde og 37 syge kan ifølge fødevarestyrelsen relateres til importerede loppefrøskaller fra indien firmaet orkla care as trak i sidste uge alle produkter tilbage af typen husk det er et naturlægemiddel og kosttilskud baseret på loppefrøskaller  vores undersøgelser og de oplysninger vi har modtaget fra orkla care peger på loppefrøskaller fra indien siger beredskabschef nikolas kühn hove fødevarestyrelsen af de 37 syge var 23 indlagt på hospitaler til behandling af infektionen tre personer afgik ved døden inden for en periode på 30 dage efter at de havde fået konstateret salmonellainfektionen alle tre fejlede noget andet men salmonellainfektionen menes at være medvirkende årsag til dødsfaldet fællesnævneren for de syge var at de havde indtaget loppefrøskaller der blandt andet kan bruges mod problemer med fordøjelsen,1,1,0.633846292613237
3,X104,mange danskere har på et eller andet tidspunkt i løbet af deres liv set jurassic park de populære film skildrer hvor galt det kunne være gået hvis mennesker og dinosaurer havde levet side om side i filmene skiller især tyrannosaurus rex sig ud som en særlig frygtindgydende art men havde mennesket levet for 65 millioner år siden mens dinosaurerne stadig havde deres gang på jorden ville et møde med en t rex måske ikke være endt så fatalt som man ellers skulle tro nye beregninger foretaget af hollandske palæontologer viser nemlig at t rex foretrak at gå i et overraskende lavt tempo skriver cnn det præcise tempo lyder på 48 kmt  det vil sige et tempo som de fleste mennesker snildt kunne følge trop med,1,1,0.5444943875377428
4,X105,med krøllet hår højhælede støvler og et guccijoggingsæt med fartstriber i guld var helle thorningschmidt torsdag aften på vej til fest i kb hallen den røde løber var rullet ud for aftenens zulu awards skulle deles ud på vej ind bukkede hun sig ned for at snøre sin sko men straks efter stak ekstra bladets journalist rené fredensborg en mikrofon ind foran danmarks tidligere statsminister der fulgtes med døtrene camilla og johanna kinnock  du er jo sådan lidt bordellomor i det der sagde han om hendes tøj helle thorningschmidt svarede ikke i stedet rejste hun sig op lod som ingenting og gik ind til festen  kom jeg til at fornærme hende spurgte rené fredensborg bagefter avisens egen kameramand,1,1,0.5837791980112539
5,X106,i midten af 1700tallet kunne man i danmark købe 48 rugbrød for en 1rigsdaler der blev indført som landets første pengeseddel men siden er værdien af det gamle betalingsmiddel steget markant det kan auktionshuset bruun rasmussen konstatere efter at det mandag har solgt en 1rigsdalerseddel for hele 170000 kroner på en møntauktion  ud over at være exceptionelt sjælden så er sedlen også af stor pengehistorisk betydning siger michael fornitz der er chefnumismatiker hos bruun rasmussen og som derfor beskæftiger sig med den videnskabelige lære om mønter  det er de danske pengesedlers dåbsattest vi har at gøre med her uddyber han prisen overraskede formentlig auktionarius eftersom sedlen forud for auktionen var blevet vurderet til at have en værdi på mellem 60000 og 80000 kroner det bliver ikke oplyst hvem der har købt den gamle pengeseddel,1,1,0.621786157949116
6,X107,i en skattesag der potentielt kan blive milliarder værd har østre landsret mandag dømt til skatteministeriets fordel fem kapitalfonde der fra 2006 til 2013 ejede størstedelen af teleselskabet tdc er blevet dømt til at betale skat af en udbyttebetaling på 105 milliarder kroner dermed skal de formentligt tilbagebetale et trecifret millionbeløb samtidig har østre landsret dog givet firmaet netapp medhold i ét af to anklagepunkter det betyder at netapp blot skal betale 26 millioner kroner tilbage til den danske statskasse men ikke de knap 160 millioner kroner som skatteministeriet også havde lagt op til i deres anklage mod det amerikanske firma sagerne er en del af et større sagskompleks der har det til fælles at virksomhederne og skatteministeriet er uenige om hvorvidt der skal betales skat i danmark,1,1,0.5219217574397105
7,X108,en 21 tons tung kinesisk rumraket er lige nu i et ukontrolleret kredsløb om jorden dele af raketten forventes at ramme jorden om en uges tid og hvis det ikke lyder bekymrende nok så er det også stort set umuligt at forudsige hvor de stykker rumskrald der ikke brænder op i atmosfæren kommer til at lande ud fra rakettens kredsløb kan raketaffaldet ramme på en breddegrad som ligger lidt nord for new york madrid og beijing og så langt sydpå som det sydligste chile og wellington i new zealand dele af rumfartøjet forventes at kunne ramme i dette område selvom den bane dækker en stor del af jordens areal så ser danmark altså ud til at klare frisag denne gang og når der står denne gang så er det fordi det langtfra er første gang der er faldet rumaffald ned på jorden,1,1,0.5293317177219111
8,X109,de kommende supersygehuse skal være med til at løfte sundhedsvæsenet i danmark men de bliver ikke klar til tiden gennemsnitligt er de 16 sygehusbyggerier knap to år forsinkede viser en opgørelse fra kvalitetsfonden for sygehusbyggerierne som tv 2 har fået aktindsigt i det er et udtryk for at der er en del udfordringer som fondens direktør morten hjortenberg siger det  vi havde håbet på bedre resultater her halvvejs inde i byggeperioden det giver anledning til bekymring og eftertanke om nogle af de beslutninger og prioriteringer der blev truffet under projekterne siger han fondens opgave er at stille penge til rådighed for sygehusbyggerierne og sikre en høj kvalitet  altså det man ofte kalder kvalitetsfonde byggeriernes samlede budget er på over 30 milliarder kroner  heraf står staten for 23 milliarder og regionernes selvfinansierende bidrag på 9 milliarder,0,1,0.6222934566951697
9,X110,39årige louise kjærgaard har siden 2018 arbejdet som rengøringsassistent på en skole i københavn hun er glad for sit job men det er ikke uden problemer  jeg har fået at vide at jeg er for stor til at gøre den her slags arbejde det er ikke noget jeg har lyst til at høre igen siger hun til tv 2 louise kjærgaard er overvægtig og lider af fedme hun har forsøgt at tabe sig ved hjælp af kost og motionsvejledning men det er ikke lykkedes hende at komme under den anbefalede grænse for fedme i danmark anbefales det at man hverken har fedtprocenten over 25 eller under 15 ifølge louise kjærgaard har hun flere gange fået besked om at hun var for stor til et job,0,1,0.6165086777461203
10,X111,en 78årig erhvervsmand fra viborg blev torsdag idømt seks års fængsel i en af de største svindelsager i danmarkshistorien vestre landsret stadfæstede byrettens dom som var på syv års fængsel den tidligere dækmester og ejer af viborg dæk blev i byretten dømt for at have snydt for mindst 587 millioner kroner landsretten fastslog at han skal betale en del af erstatningen tilbage til de berørte forsikringsselskaber men det er langt fra nok mener de to selskaber der har anket dommen til højesteret  vi er meget skuffede over at landsretten ikke har valgt at gøre mere ved den massive svindel som vi har været udsat for siger torben nielsen direktør i tryg forsikring  vi vil nu gå i gang med at læse dommen grundigt igennem og overveje om vi skal anke til højesteret,0,1,0.5973402097605646
11,X112,i en række sager om adoption af børn fra chile har ankestyrelsen fundet anledning til at genoptage sagerne det skriver styrelsen i en pressemeddelelse  vi har fundet anledning til at genoptage en række sager hvor der er mistanke om at der er sket fejl i forbindelse med adoptionsprocessen lyder det  det kan blandt andet være fordi vi har fundet anledning til at genoptage sagerne på baggrund af nye oplysninger som børnene har givet i forbindelse med deres egen sag ankestyrelsen understreger at det ikke nødvendigvis betyder at der rent faktisk er sket fejl i forbindelse med de enkelte adoptionssager styrelsen understreger dog at man ikke må foretage sig noget i en sag før den er godkendt af den chilenske myndighed  det er ulovligt at foretage sig noget i en sag før den er godkendt af den chilenske myndighed,0,1,0.5020840641196758
12,X113,en person er i kritisk tilstand efter at fire personer kæntrede i en speedbåd nær stubbekøbing fredag det oplyser vagtchef ved sydsjællands og lollandfalsters politi anders olesen  vi har fire personer der er kommet i problemer i en speedbåd ude på havet de er kommet i problemer og båden er kæntret siger han den ene person der befinder sig i kritisk tilstand blev bragt til rigshospitalet med helikopter de øvrige tre personer blev bragt til sønderborg sygehus med ambulancer ifølge vagtchefen skete ulykken nær stubbekøbing  de er fra stubbekøbingområdet siger anders olesen politiet modtog anmeldelsen om ulykken klokken 1545 fredag eftermiddag vagtchefen fortæller at det er politiets opfattelse at speedbåden var med sejl da den kæntrede,0,1,0.5116762114829447
13,X114,flere biler skøjtede rundt på motorveje i hele landet torsdag eftermiddag da der kom et tre centimeter tykt lag hagl ned over vejene det oplyser vagtchef ved midt og vestjyllands politi jesper brøndum  vi har haft nogle uheld hvor bilisterne ikke har kunnet styre deres biler så er de kørt ind i hinanden siger han vagtchefen fortæller at politiet har modtaget flere anmeldelser om uheld på motorvejene i løbet af eftermiddagen  det er et lag hagl der ligger på vejen og så bliver bilisterne nok lidt for ivrige og prøver at komme op på farten igen siger jesper brøndum ifølge ham er der tale om ganske almindelige uheld som ikke har ført til personskade,0,1,0.544578037309945
14,X115,der er lagt op til en ny rekordsommer for den danske sommerhusbranche sådan lyder det fra dansk sommerhusejer forening dsf her fortæller administrerende direktør anders østergaard at antallet af bookinger til sommerhuse er steget med 142 procent i forhold til sidste år  det er en kæmpe stigning vi har aldrig set så stor en stigning før siger han ifølge anders østergaard skyldes stigningen at flere og flere vælger at holde ferie i danmark i takt med at der er kommet flere udgifter til ferie i udlandet  vi har haft en periode med høje priser på benzin og el og der har været en del udgifter forbundet med at tage på ferie i udlandet derfor vælger mange nu at holde ferie i danmark siger han,0,1,0.5200615564718202
15,X116,kirsten stallknecht der i knap tre årtier var formand for dansk sygeplejeråd er død det oplyser dansk sygeplejeråd i en pressemeddelelse kirsten stallknecht døde torsdag efter længere tids sygdom hun blev 84 år kirsten stallknecht blev født i københavn i 1944 og var uddannet sygeplejerske hun startede sin karriere på bispebjerg hospital i københavn hvor hun blandt andet arbejdede med at udvikle nye metoder til behandling af hjerteinfarkt i 1977 blev hun valgt ind i dansk sygeplejeråd hvor hun i 1985 blev valgt som formand det var en svær tid for fagforeningen som kirsten stallknecht overtog midt i den såkaldte sygeplejekrise dengang var der stor utilfredshed blandt sygeplejerskerne fordi mange mente at de blev underbetalt sammenlignet med andre sundhedsprofessionelle,0,1,0.5766869277390535
16,X201,der er ikke kommet nogen afklaring på sygeplejerskekonflikten efter torsdagens møde mellem dansk sygeplejeråd dsr og de kommunale arbejdsgivere i kommunernes landsforening kl det fortæller de to parter til tv 2 efter dagens møde  vi har haft et godt møde hvor vi har fortalt hinanden hvordan vi ser situationen derude men der ligger ikke nogen lige åbne veje for løsninger her og nu siger formand for dsr grete christensen også chefforhandleren for kl michael ziegler peger på at situationen er gået i hårdknude  hvis det var nemt havde vi gjort det for længe siden vi har lavet to aftaler men de er er desværre ikke blevet stemt hjem af sygeplejerskerne så vi er i en svær situation siger han,1,1,0.5194389622494037
17,X202,de fleste bilister genkender måske følelsen af at regnvejr kan gøre det sværere at se vejstriberne når de kommer kørerne på de danske motorveje men det skal en nyudviklet vejstribe afhjælpe fortæller michael larsen der er projektleder ved vejdirektoratet  den kan få en kæmpe betydning dels fordi trafikanterne føler sig mere trygge når de bedre kan se striberne og dels fordi trafikanterne dermed placerer sig mere hensigtsmæssigt på vejbanen siger han  når trafikanter ikke kan se striberne har de nemlig en tendens til at lægge sig helt ud i kantlinjen og det øger risikoen for uheld lyder det i løbet af de næste fem til otte år kommer vejdirektoratet til at udlægge den nyudviklede vejstribe på samtlige danske motorveje,1,1,0.6267877877735343
18,X203,der er ingen grund til panik lød det torsdag fra joe biden ingen grund til at hamstre benzin formanede den amerikanske præsident men mange amerikanske bilister var allerede gået i panik over store dele af østkysten har de i denne uge holdt i lange køer til tankstationerne de har fyldt ekstra dunke med benzin og de har tørlagt over 17000 tankstationer ifølge washington post årsagen er et hackerangreb på energiselskabet colonial pipeline angrebet lammede for en uge siden selskabets 9000 kilometer lange rørledning der forsyner store dele af den amerikanske østkyst med brændstof rørledningen går fra texas til new jersey og dækker 45 procent af østkystens forbrug da brændstoffet ikke længere flød udløste det en krise benzinpriserne steg bilister hamstrede og nogle flyselskaber var ifølge new york times nødt til at foretage mellemlandinger på langtursflyvninger for at tanke,1,1,0.5873894944174619
19,X204,arktis var øverst på dagsordenen da usas udenrigsminister antony blinken mandag var på besøg i københavn for at mødes med toppen af den danske regering det fremgik tydeligt da statsminister mette frederiksen s gjorde status efter mødet med den amerikanske topdiplomat  usa er vores vigtigste allierede og derfor har vi en interesse i at vi sætter dagsorden i arktis  og ikke alle mulige andre det er afgørende at sørge for at det er rigsfællesskabet usa og nato der spiller de afgørende roller i arktis lød det fra mette frederiksen som dermed undlod at nævne stormagterne rusland og kina der ellers også har store interesser i arktis men hvorfor er det at arktis får så stor opmærksomhed netop nu og med stor sandsynlighed også i fremtiden,1,1,0.5985929762726199
20,X205,der skal gøres indhug i den danske fiskeflåde hvor hvert femte fartøj der bruges til såkaldt konsumfiskeri skal fjernes og ophugges sådan lyder forslaget fra danmarks fiskeriforening der repræsenterer 1200 fiskere og cirka 700 fartøjer  det er nødvendigt på grund af den regning vi kommer til at betale for eus handelsaftale med storbritannien der blev indgået til jul siger formanden for danmarks fiskeriforening svenderik andersen i forbindelse med foreningens generalforsamling forslaget skønnes at koste i omegnen af 225 millioner kroner og er en del af et større udspil om fremtidens fiskerierhverv traditionelt har danske fiskere haft nem adgang til britisk farvand men det ændrede sig da storbritannien trådte ud af eu sidste år på forhånd var fiskerne udråbt som nogle af dem i danmark der ville blive ramt mest direkte af brexit,1,1,0.577754859441992
21,X206,husk at tjekke dine hegn så klar er beskeden fra dyrenes beskyttelse der ofte rykker ud for at hjælpe dyr i nød i år har organisationens vagtcentral 1812 modtaget 81 opkald i relation til hjorte der sidder fast i net hegn eller har geviret viklet ind i snor for hele 2020 var der 146 sager i nævnte kategori der ofte ender med at dyrene må aflives da de er slemt tilredte for nogle uger siden kom to hjorte så galt afsted at skytte morten richterhansen måtte rykke ud på sagen de sad fast i et hegn på den samme ejendom  jeg får fat i politiet for at advisere dem om at der formentlig ville blive afgivet skud når jeg var fremme på adressen,1,1,0.6390826129487045
22,X207,landets større byer skal være grønnere sådan lød det onsdag formiddag på et pressemøde hvor regeringen præsenterede et udspil der skal komme luftforureningen i landets byer til livs og skabe plads til mere idræt og natur forslagene stak i mange retninger men der blev blandt andet lagt op til at kommunerne får mulighed for at lave nulemissionszoner hvor der kun må køre el og brintkøretøjer og at dieselbiler skal forbydes i miljøzonerne og nu er det så op til kommunerne at bestemme hvad de vil gøre med initiativerne da det ifølge statsminister mette frederiksen s er deres opgave at følge forslagene til dørs,1,1,0.5633667528683151
23,X208,i sidste uge skete en voldsom ulykke da en toårig dreng i vandhuset i hjørring faldt omkring 10 meter fra en puslepude og ned i et kælderområde barnet ligger onsdag i koma men er i stabil tilstand og nu er politiets undersøgelser af ulykken i svømmehallen afsluttet det fortæller torben rimmen politikommissær ved nordjyllands politi i hjørring til tv 2 nord ifølge torben rimmer var der sket en misforståelse af faciliteterne på ulykkesstedet barnet blev nemlig puslet på et bord der ikke var beregnet til det formål  selve puslepuden ligger på en hylde under bordet men andre har taget puden og brugt den nede på gulvet eller ovre i sofaen til at pusle deres børn siger torben rimmen til tv 2 nord politikommissæren kalder hændelsen for så uheldigt som det kan være ,1,1,0.526584769920602
24,X209,en større brand har torsdag aften udspillet sig i et feriecenter ved hvide sande i thy det oplyser vagtchef ved midt og vestjyllands politi henrik sønderskov branden er slukket men der arbejdes stadig på stedet da bygningen er kraftigt beskadiget  der er ikke nogen der er kommet til skade men bygningen er meget ødelagt siger vagtchefen ifølge vagtchefen var der omkring 20 personer i feriecentret da branden brød ud de blev evakueret uden problemer brandårsagen er endnu ukendt men politiet har foreløbigt afspærret området på grund af risiko for nedstyrtning af bygningsdele torsdag aften var der to helikoptere og en drone i luften over området for at holde øje med de faldende dele politiet oplyser at man vil genåbne vejen ved hvide sande i løbet af fredag formiddag,0,1,0.5233580670436452
25,X210,nynne sass larsen der er medlem af folketinget for socialdemokratiet har i et debatindlæg i jyllandsposten kritiseret ekstra bladet for ikke at have bragt hendes partis kritik af avisens dækning af rocker og bandekriminalitet redaktør på ekstra bladet poul madsen afviser kritikken  jeg kan ikke se at nynne sass larsens indlæg har noget med den kritik at gøre som hun selv fremfører siger han til ritzau nynne sass larsen skriver i sit debatindlæg at hun som medlem af folketingets medieudvalg har kritiseret ekstra bladets dækning af rocker og bandekriminalitet hun mener at avisen har stor betydning for den måde samfundet opfatter rocker og bandekriminalitet på derfor skulle avisen have bragt socialdemokratiets kritik af avisens dækning mener hun,0,1,0.6062037747028034
26,X211,i en kølcontainer på et lager i københavn ligger der i øjeblikket flere hundrede ubefrugtede æg fra danske kvinder de er blevet fryset ned og gemt fordi de endnu ikke har fundet den rette mand at få børn med men i 2022 vil de blive destrueret hvis ikke de er blevet benyttet det samme vil kunne ske med de æg som den 31årige camilla hansen forventer at skulle benytte sig af  jeg tænker meget over det det er jo mit æg og det er jo mit barn jeg skal have siger hun til tv 2 i dag kan kvinder fryse ubefrugtede æg ned til senere brug hvis man endnu ikke har fundet den rette mand at få børn med men de må kun gemmes i fem år,0,1,0.5512750769681772
27,X212,boligmarkedet er i fuld gang med at komme sig efter finanskrisen og det har også betydning for danskernes muligheder for at låne til boligkøb boligrenten der er den rente som man skal betale for at låne penge til at købe en bolig er nemlig steget fra 05 procent i januar 2021 til 28 procent i juni 2022 det viser tal fra danmarks statistik samtidig er renten steget mere end gennemsnittet for alle andre former for lån gennemsnittet for alle andre lån er steget fra 11 procent i januar 2021 til 19 procent i juni 2022 renten på boliglån kan have betydning for danskernes muligheder for at købe en ny bolig for hvis man skal låne penge til en bolig med en rente på 28 procent så skal man have et hus med en pris på mindst 28 millioner kroner for at kunne følge med,0,1,0.6051585788535603
28,X213,i sidste uge blev der afholdt et folkemøde på langeland hvor beboerne diskuterede hvordan de kunne stoppe planerne om et udrejsecenter for udlændinge på øen mange mente at regeringen havde overskredet sine beføjelser ved at underskrive en aftale med udlændingestyrelsen om oprettelsen af centeret og at det var nødvendigt at få stoppet projektet ved at anlægge en retssag men er det muligt  det er ikke umuligt men det kræver at man kan påvise at regeringen har handlet i strid med loven og det er ikke noget man bare kan gøre sig til ekspert i på en aften det kræver juridisk ekspertise og tid siger tv 2s retskorrespondent lotte mejlhede på langeland har man dog allerede fået fat i en advokat der vil stå for sagen mod regeringen,0,1,0.5782061798657686
29,X214,regeringen socialdemokratiet dansk folkeparti og de radikale har indgået en aftale om at forlænge ordningen med cannabis til medicinsk brug i fire år det oplyser sundhedsministeriet i en pressemeddelelse  der er stadig behov for at udvide brugen af cannabis til medicinsk brug derfor forlænger vi forsøgsordningen med fire år så vi kan få de nødvendige data for at kunne godkende cannabis som lægemiddel i danmark siger sundhedsminister magnus heunicke s i pressemeddelelsen forsøgsordningen blev indført 1 januar 2019 og var planlagt til at løbe frem til 31 december 2022 med aftalen bliver den forlænget frem til 30 juni 2026 aftalepartierne har dog aftalt at der skal ske en evaluering af ordningen senest i 2024 oplyser sundhedsministeriet aftalen er bredt flertal bestående af regeringen socialdemokratiet dansk folkeparti og de radikale,0,1,0.5893430271893926
30,X215,inger grene der var en af grundlæggerne af søstrene grene er død det skriver familiefirmaet i en pressemeddelelse hun blev 84 år inger grene stiftede med sin mand erik grene i 1973 det firma der i dag er kendt som søstrene grene hun var helt frem til sin død aktiv i virksomheden som hun fortsat ejer 25 procent af  vi er dybt berørte over at have mistet vores mor og stifter inger grene hun var en fantastisk personlighed og en stor leder som vi altid vil huske med stor respekt og kærlighed siger administrerende direktør i søstrene grene louise hjortdal andersen i pressemeddelelsen inger grene var født i københavn i 1944 hun blev student fra ryslinge gymnasium i 1962 og gik derefter ind i reklamebranchen,0,1,0.5576821711250544
31,X216,forsvaret har indgået en aftale med det amerikanske firma pipistrel der fremstiller elektriske fly aftalen betyder at forsvaret køber to elektriske fly der skal bruges til at teste forsvarets nye kompetenceområde for elektriske luftfartøjer det oplyser forsvaret i en pressemeddelelse  med denne aftale sætter forsvaret danmark på verdenskortet når det gælder elektriske luftfartøjer det er første gang i verden at et land køber to elektriske fly til militære formål siger chef for flyvevåbnet og fortsætter  med de to elektriske fly får vi en unik mulighed for at udvikle vores faglige kompetencer inden for dette nye område og samtidig afprøve teknologien i praksis forsvaret har valgt at købe de to fly af hensyn til deres egenskaber og ikke mindst på grund af deres hurtighed,0,1,0.5824776035678236
32,X301,hensynet til truede dyrearter som hasselmus birkemus og flagermus i danmark stikker nu en midlertidig kæp i hjulet på et enormt naturgasprojekt der skal forsyne polen med naturgas fra norge det er miljø og fødevareklagenævnet der har annulleret projektets miljøtilladelse og dermed har sat en stopper for anlægsarbejdet af rørledningen baltic pipe på tværs af danmark  vi er meget kede af afgørelsen siger marian kaagh der er vicedirektør i selskabet energinet der står for anlægsarbejdet i danmark i en pressemeddelelse siger hun at energinet har arbejdet med en række tiltag for at sikre gode levevilkår for dyrene de steder hvor rørledningen bliver anlagt det var et krav da miljøstyrelsen i 2019 gav miljøtilladelse til baltic pipeprojektet men ifølge miljø og fødevareklagenævnet burde forholdene være grundigt undersøgt allerede inden tilladelsen blev udstedt og anlægsarbejdet kunne begynde,1,1,0.6085120021702114
33,X302,myndighederne har lørdag spærret et område af ved bornholms forbrændingsanlæg bofa på torneværksvej i udkanten rønne man frygter at der kan være fare for sammenstyrtning af en 70 meter høj skorsten  ude på vores forbrændingsanlæg ved vores genbrugsplads er der en 70 meter høj skorsten hvor der har været en defekt stabilisator inden i den så i morges stod den og svajede faretruende fortæller vagthavende jesper lund hos bornholms politi det var en medarbejder på genbrugspladsen som observerede at skorstenen ikke strakte sig mod himlen vanlig stabilitet og som derefter  klokken 0609 lørdag morgen  slog alarm ifølge jesper lund er der foretaget afspærringer ved området en politipatrulje på stedet har rapporteret tilbage til vagtcentralen at skorstenen ikke længere svajer,1,1,0.5826480816970592
34,X303,betalingskort og mobilepay fungerer igen efter et større nedbrud fredag eftermiddag det bekræfter peter glüsing og søren winge fra nets presseafdeling overfor tv 2  vi har normaliseret driften igen klokken 17 og vi arbejder stadig med at undersøge hvad der præcis opstod siger søren winge dermed kan både betalingskort og mobilepay benyttes igen nedbruddet stod på i lidt over halvanden time og betød at betalingskort og mobilepay ikke kunne benyttes landet over  det har stået på i en times tid og det har ikke ramt alle terminaler men det har ramt over hele landet sagde søren winge helt håbløst var det dog ikke hvis man var uden rede kontanter i lommen,1,1,0.52028663951507
35,X304,ruslands ambassadør i danmark har mandag været til møde i udenrigsministeriet for at forklare to russiske krænkelser af dansk luftrum nær bornholm i fredags det oplyser udenrigsministeriet mødet fandt sted på foranledning af udenrigsminister jeppe kofod s der mandag er til topmøde i militæralliancen nato her vil han drøfte krænkelserne af dansk luftrum med de andre landes udenrigsministre  at russiske kampfly hele to gange krænker dansk luftrum er et alvorligt og uacceptabelt brud på alle gældende internationale normer og regler for militære flyvninger siger kofod i en pressemeddelelse  det kan ikke tolkes som andet end en både skændig og fuldstændigt unødigt bevidst provokerende russisk handling derfor har vi fra dansk side også reageret klart skarpt og prompte det er selvsagt også noget vi vil drøfte videre med vores allierede siger han,1,0,0.5213321655055763
36,X305,den danske restaurant alchemist er kåret som den bedste restaurant i europa af anmelderne hos opinionated about dinings oad det fremgår af den seneste rangliste på oads hjemmeside oad startede egentlig som en privat madblog for amerikaneren steve plotnicki bloggen udviklede sig dog hurtigt da plotnicki i 2007 udsendte et spørgeskema til medbloggere og madvenner rundt om i verden for at høre hvilke restauranter de mente var de bedste det udviklede sig siden til en decideret restaurantrangliste som i dag er blevet til 11 lister en af dem er over de bedste restauranter i europa som alchemist har fået æren af at toppe alchemist har adresse på refshaleøen i københavn og er ejet af kokken rasmus munk han åbnede restauranten i 2019 efter tidligere at have lukket et spisested af samme navn på østerbro,1,1,0.6213663297225074
37,X306,der har været tavshed på linjen fra uefa siden det i lørdags blev afgjort at det danske og finske landshold skulle spille de to landes emåbningskamp færdig efter christian eriksen var kollapset på banen beslutningen er ellers blevet kritiseret fra flere kanter  her i blandt de danske landsholdspillere deres træner kasper hjulmand og senest formanden for dbu jesper møller der også er dansk repræsentant i uefa  jeg er enig med landstræneren og spillerne i at kampen ikke burde være genoptaget det var en forkert beslutning og helt uholdbart at spillerne skulle på banen så kort tid efter den forfærdelige oplevelse siger jesper møller i dag men på trods af den massive kritik mod uefa har fodboldorganisationen ikke svaret på kritikken kun en enkelt gang siden kampen i lørdags har uefa svaret på henvendelser fra tv 2,1,1,0.5875955449738975
38,X307,ofre for seksuelt overgreb skal have adgang til en bistandsadvokat allerede inden de kontakter politiet for at anmelde det mener et politisk flertal bestående af regeringen radikale venstre socialistisk folkeparti enhedslisten og alternativet ifølge en pressemeddelelse aftalen er en opfølgning på finansloven for 2021  vi skylder ofre for voldtægt og andre seksuelle overgreb et langt bedre møde med retssystemet så de trygt tør anmelde de forbrydelser de har været udsat for siger justitsminister nick hækkerup s i meddelelsen ofre kan når ordningen træder i kraft få kontakt til bistandsadvokater gennem de lister som politiet i dag anvender når de skal finde advokater til ofre i sager om seksuelt overgreb listerne bliver offentliggjort på myndighedernes hjemmesider og vil også være tilgængelige hos organisationer som center for seksuelle overgreb,1,1,0.6574816237930301
39,X308,situationen med stenkast mod danske bilister er i svergie er så alvorlig at statsminister mette frederiksen nu har taget det op med sin svenske kollega stefan löfven det fortæller hun på et pressemøde fra bruxelles svensk politi har modtaget mindst 60 anmeldelser om stenkast mod biler på de sydsvenske veje og langt de fleste af dem kommer fra danskere  jeg er både forundret og fuld af bekymring det er livsfarligt hvad der foregår og det er klart at det ikke kan fortsætte siger mette frederiksen samtidigt forklarer hun at löfven deler den holdning og at svensk politi allerede torsdag flyttede politiressourcer til sydsverige for at komme til bunds i sagen de fleste stenkast er sket på motortrafikvejen e65 som er vejen mellem malmø og færgelejet i ystad og derfor en hovedfærdselsåre mellem bornholm og resten af danmark ,1,1,0.5941178512960296
40,X309,region sjælland har i årevis ikke formået at få kvinderne til at blive skannet til tiden nu viser en ny opgørelse at der er tale om flere tusinde for sent udførte skanninger det drejer sig om cirka halvdelen af de kvinder der skulle have været inddraget i det landsdækkende screeningprogram for brystkræft det fremgår af en aktindsigt som tv 2 har fået regionen har ikke selv overblik over hvor mange kvinder der er tale om men opgørelsen viser at det drejer sig om 4200 tilfælde i perioden 1 januar 2021 til 31 marts 2022 det er kvinder der enten ikke er blevet kontaktet af regionen eller ikke har meldt sig til tiden som ikke er blevet inddraget i programmet  det er rigtig ærgerligt og det er også ærgerligt for de kvinder der har brug for det her screeningsprogram siger regionsrådsformand stephanie lose v til tv 2,0,1,0.5492815072802768
41,X310,det var en kunst at samle en ø mod en minister men det lykkedes det mener flere eksperter der torsdag aften kommenterede på det sociale medie twitter her kunne man se og høre hvordan flere hundrede langelændere i øbyen østermarie vred sig i frustration over besøget af indenrigsminister mattias tesfaye s  det er en kunst at samle en ø mod en minister men det lykkedes her skrev for eksempel politisk kommentator hans engell han blev bakket op af flere andre eksperter der alle pegede på at det var nøje planlagt at den socialdemokratiske minister blev mødt med så meget vrede  det er helt tydeligt at der har været et stort arbejde bagved det er ikke bare spontant sagde rune lykkeberg der er tidligere chefredaktør på jyllandsposten og nuværende direktør for mediebureauet mediekompagniet,0,1,0.5569065190108275
42,X311,fra 1 september vil man igen kunne betale med kontanter i busser og flextrafik i københavn det skriver movia der står for drift af bus og togdrift i hovedstadsområdet på sin hjemmeside årsagen til at man fra 1 januar 2020 stoppede med at modtage kontanter i busser og flextrafik skyldtes en omstilling hedder det på hjemmesiden  vi har nu vurderet at vi er klar til at genindføre muligheden for at betale med kontanter i vores busser og flextrafik lyder det movia understreger dog at man fremover vil anbefale brugerne at betale med enten mobilepay eller et rejsekort  vi ser frem til at tage imod kontanter igen og glæder os over at der er så mange som fortsat foretrækker at betale med kontanter skriver movia på sin hjemmeside,0,1,0.5509040318639702
43,X312,sygeplejerske luca pristed har tirsdag afleveret sin opsigelse til sin arbejdsgiver på rigshospitalet i københavn det sker som en del af en landsdækkende protest hvor flere end 1000 sygeplejersker har valgt at sige op i protest mod deres arbejdsforhold  jeg er simpelthen så træt af at vi ikke bliver hørt vi bliver ikke taget alvorligt og det er derfor jeg har valgt at sige op siger luca pristed til tv 2 hun understreger at hun ikke har lyst til at arbejde på et hospital hvor der ikke er tid til patienterne  det er ikke noget jeg gør med glæde men det er noget jeg gør fordi jeg synes det er vigtigt at vi viser vores utilfredshed på den her måde siger hun,0,1,0.5104616099281006
44,X313,en fireårig dreng er kommet lettere til skade efter at han faldt ud af et vindue på fjerde sal i en boligblok i vanløse lørdag eftermiddag det oplyser københavns politi på twitter drengen slap med et brækket ben og en mindre skade på hovedet politiet modtog anmeldelsen klokken 1545 og det tog kort tid at få fastslået at der var tale om et ulykkescenario  drengen var alene hjemme da han faldt ud af vinduet han blev fundet af sin mor lyder det fra politiet politiet oplyser ikke yderligere om sagen men tv 2 er i kontakt med børnehuset københavn som bekræfter hændelsen over for tv 2,0,0,0.5081142764305562
45,X314,boligpriserne er steget så meget at det nu er på tide at gribe ind sådan lyder det fra flere politikere der ønsker en regulering af priserne på boligmarkedet men det er ikke nødvendigt med et indgreb mener ejendomsmæglerkæden edcs direktør brian lindberg  vi har i forvejen en regulering af boligmarkedet i danmark det er skatter og afgifter som regulerer markedet  så det er lidt svært at se hvad et nyt reguleringsmæssigt indgreb skulle kunne gøre som ikke allerede er der siger han til tv 2 i stedet peger han på de nuværende reguleringer som forklaring på de høje priser  det er jo ikke fordi at vi mangler reguleringer det er jo blandt andet den såkaldte kvælstofregulering der har presset priserne op de seneste år,0,0,0.5086281456602233
46,X315,carlsberg betalte en billet til morten bødskov til emfinalen i fodbold i 2012 det skriver ekstra bladet ifølge avisen er det et beløb på omkring 1000 kroner det var en medarbejder i carlsberg der betalte billetten da morten bødskov var justitsminister det skete ifølge ekstra bladet fordi morten bødskov ikke selv havde mulighed for at betale ifølge ekstra bladet er det i strid med reglerne for gaver til ministre det vurderer professor i forvaltningsret på københavns universitet jens elo rytter  det er en gave og den er væsentlig derfor skal den registreres og der skal gives en undskyldning og en refusion siger han til tv 2 morten bødskov fortæller til ekstra bladet at han ikke husker detaljerne om arrangementet men han understreger at han ikke har glemt reglerne for ministre om indkøb og gaver,0,1,0.5489072271219598
47,X316,det bliver fremover ulovligt at sælge tobak i pakker med forskellige designs det har folketinget mandag vedtaget det skriver sundhedsministeriet i en pressemeddelelse med lovforslaget bliver det også forbudt at sælge tobak i små pakker der indeholder mindre end 20 cigaretter eller mindre end 40 gram røgtobak det betyder at alle nye tobakspakker skal være ens det gælder også for eksisterende pakker som fortsat må sælges indtil de udgår  tobaksprodukter er farlige produkter og vi skal gøre alt hvad vi kan for at mindske brugen af dem derfor er jeg rigtig glad for at folketinget nu gør det muligt at fjerne de farverige design på tobakspakkerne og samtidig indfører et helt neutralt pudebudskab om de sundhedsskadelige effekter af tobaksbrug siger sundhedsminister magnus heunicke s i pressemeddelelsen,0,1,0.5811791877657795
48,X401,mandag morgen brød et sjældent syn bølgerne under storebæltsbroen da en 154 meter lang russisk atomdreven ubåd sejlede mellem betonbenene forsvarskommandoen bekræfter over for tv 2 at den russiske ubåd er i dansk farvand med kurs mod skt petersborg der skal den i slutningen af juli deltage i arrangementet flådens dag den atomdrevne ubåd er døbt orel og har kapacitet til både krydsermissiler og torpedorør ditte dyreborg der er orlogskaptajn og ubådsekspert fortæller at det er en af verdens største ubådstyper  det er en jagtubåd hvis formål er at uskadeliggøre hangarsskibsgrupper siger hun om ubådstypen der er bygget under den kolde krig orel er svær at overse  den måler 154 meter i længden og 20 meter i bredden og kan sejle med mere end 50 kilometer i timen under vandet,1,1,0.5536690150981914
49,X402,tv 2 har de seneste dage fortalt hvordan udenlandske datakøbmænd indsamler og videresælger data om tusinder af danskeres præcise færden oplysningerne stammer fra apps som danskerne har installeret på deres mobiltelefoner og som de har givet lov til at spore deres mindste bevægelser  ofte uden at være bevidste om det den praksis vil forbrugerrådet tænk have stoppet  vi mener at det er helt ulovligt så det er meget frustrerende at høre at det har været så let at købe disse data det er dybt problematisk og meget intimiderende i forhold til privatlivets fred det er jo meget personlige oplysninger der er tale om siger anja philip der er formand for forbrugerrådet ,1,1,0.5019951159204294
50,X403,1 juni gik sundhedsministeriets nye app med sundhedskortet i luften og når man åbner appen bliver man spurgt om man har husket at tage stilling til organdonation efter 30 dage med appen var der kommet 51960 nye registreringer det viser tal fra dansk center for organdonation de knap 52000 registreringer svarer til antallet af registreringer på et helt gennemsnitsår  for det første underbygger det den viden vi har om at to ud af tre allerede har taget stilling men ikke har fået det registreret sådan en påmindelse her er super effektiv overfor dem det er virkelig effektivt og super godt for alle siger helle haubro andersen som er centerleder i dansk center for organdonation ,1,1,0.5566672019937932
51,X404,rené skov sørensen sad helt stille i sin bil den dag i sommeren 2006 han holdt bagerst i køen og ventede på at bilerne passerede så han kunne dreje ud på guldbergsgade i silkeborg men så langt nåede han aldrig en bagvedkørende bil ramte ham med 70 kilometer i timen chaufføren en påvirket kvinde havde overset rené skov sørensen og den lange bilkø i et kort øjeblik blev alt slukket men rené skov sørensen kom hurtigt til sig selv igen han fik bugseret sig ud af bilen for at tale med føreren af bilen der ramte ham men hun flygtede fra stedet og efterlod rené skov sørensen i en forfatning der gjorde at han aldrig kom til at arbejde normalt igen,1,1,0.5352775017078608
52,X405,støtte til øget videoovervågning og vagter det er den ønskeliste der umiddelbart kommer fra lars lausten formand for bording erhvervsforening og direktør hos xl byg brejnholtbording i bording ønskerne kommer efter udlændinge og integrationsminister mattias tesfaye s forleden i en pressemeddelelse hvor han droppede planerne om et nyt udrejsecenter på langeland også oplyste at han vil give beboerne omkring det eksisterende udrejsecenter kærshovedgård en hjælpende hånd  private og erhvervsdrivende som har oplevet øget utryghed skal have mulighed for at søge støtte til sikkerhedsforanstaltninger skriver mattias tesfaye i pressemeddelelsen  jeg synes det er helt rimeligt at hvis der skal hænges et kamera op eller opføres et hegn så må staten til lommerne siger mattias tesfaye til tv 2,1,1,0.5928401357288277
53,X406,flere personer kom sidst på eftermiddagen til skade ved en alvorlig trafikulykke på kalundborgvej ved svebølle i alt blev ni personer blev bragt til forskellige sygehuse på sjælland herunder blev én person fløjet med helikopter til rigshospitalet i københavn det oplyser vagtchef lars galasz fra midt og vestsjællands politi til tv 2 senere på aftenen har politiet oplyst til ritzau at to af de ni er bragt til rigshospitalet i kritisk tilstand mens to børn også er blevet til flyttet til rigshospitalet tidligere skrev politiet på twitter at fem personer var i kritisk tilstand efter ulykken det har politiet senere nedvurderet til to oplyser vagtchefen han tilføjer at tre personbiler var involveret i ulykken den ene bil kørte ad kalundborgvej mod kalundborg da føreren faldt i søvn bag rattet og kørte over i den modsatte vejbane,1,1,0.6021907710961832
54,X407,samler bilen støv i carporten er det måske nu du skal overveje at sælge den prisen på brugte biler er i gennemsnit steget 12 procent det seneste år det viser tal fra bilbasendk en digital markedsplads der formidler køb og salg af nye og brugte biler hovedårsagen til prisstigningen er et fald i udbuddet af brugte biler fra april 2020 til nu er antallet af brugte personbiler til salg på bilbasen faldet med 30 procent fra 63000 til 44000  sidste år blev der sat rekord med over 440000 solgte brugte biler i danmark og den efterspørgsel er fortsat i 2021 så markedet er glohedt siger jan lang der er markedsanalytiker hos bilbasen,1,1,0.5192182540478993
55,X408,sygeplejerskestrejken er blevet skudt i gang fordi sygeplejersker er utilfredse med deres løn og mens strejken er på vej ind i sin ottende uge mærker patienter på tværs af landet de direkte konsekvenser af de manglende sygeplejersker siden 19 juni er knap 50000 behandlinger blevet udsat og de kommende uger skal endnu flere patienter se langt efter en tid på hospitalet tirsdag blev strejken nemlig udvidet med 702 sygeplejersker og nu strejker i alt 5452 samtidig tegner strejken til at blive den længst varende konflikt på det offentlige arbejdsmarked i nyere tid det går mest ud over de patienter der skulle have haft en knæ eller hofteoperation mens den seneste udvidelse af strejken særligt rammer dem der er i fertilitetsbehandling,1,1,0.5365391461057799
56,X409,en mand er mandag formiddag blevet fremstillet i grundlovsforhør i retten på frederiksberg hvor han er blevet tiltalt for at svindle 320 millioner kroner ud af danmark det oplyser specialanklager ved statsadvokaten for særlig økonomisk kriminalitet søk anders riisager til ritzau  det er en sag vi har arbejdet med i mere end et år og den er meget omfangsrig siger han ifølge tv 2s oplysninger har den tiltalte tidligere arbejdet sammen med sanjay shah der er hovedpersonen i udbyttesagen shah blev i februar idømt syv års fængsel for at svindle 37 milliarder kroner ud af danmark ved hjælp af udbytteskat shah var den første person der blev dømt i udbytteskandalen og han var også den første person der blev dømt til fængsel i sagen,0,1,0.5757158730947349
57,X410,hvis du har været på ferie i et varmere land og har fået en grøn plante med hjem skal du ikke regne med at den gror i danmark det fortæller jens borum der er formand for naturstyrelsens bestyrelse  vi har ikke de samme klimaforhold herhjemme som i sydfrankrig eller spanien så det kan være at den plante du har fået med dig ikke kan overleve herhjemme siger han planten kan derfor ende med at dø men det er ikke det eneste problem fortæller jens borum  hvis man har en plante med frø eller planter som har uønskede skadedyr eller bakterier på sig så kan det være en katastrofe for dansk natur siger han,0,1,0.5504334677703455
58,X411,grønlands regering har besluttet sig for ikke at søge om tilladelse til yderligere olieboringer i det kommende år det oplyser det grønlandske ministerium for natur miljø og landbrug i en pressemeddelelse  vi har besluttet os for ikke at søge om olieboringer i 2023 fordi vi vil bruge tid på at udvikle en ny strategi for den grønlandske økonomi som skal danne grundlag for en ny olie og gasstrategi lyder det regeringen understreger samtidig at den vil fastholde sin vision om et fossilfrit grønland beslutningen kommer efter et møde tirsdag mellem regeringens fire partier det er især hensynet til klimaet der har fået regeringen til at droppe yderligere olieboringer,0,1,0.5602382756685718
59,X412,tusindvis af studerende har ikke fundet sig en uddannelse og det presser erhvervslivet det gælder især inden for itområdet hvor der mangler mellem 3000 og 5000 studerende årligt det skriver børsen ifølge brancheorganisationen dansk it er der behov for at optage mellem 7000 og 9000 nye studerende årligt på de videregående uddannelser inden for it men i år blev der optaget cirka 5000 studerende på de videregående ituddannelser viser tal fra styrelsen for videregående uddannelser det er færre end i de foregående år og det presser erhvervslivet der mister omsætning og ordrer fordi der mangler ituddannede,0,1,0.5883350021056483
60,X413,de første nye ejendomsvurderinger i ti år er på trapperne boligejerne kan fra 1 juli selv se deres nye vurdering på skats hjemmeside og fra samme dato kan de også selv rette fejl i vurderingen det oplyser skat i en pressemeddelelse fra 1 august vil boligejerne modtage et brev med en kopi af vurderingen og en forklaring på hvordan den er lavet samtidig vil der stå en frist for hvornår man kan rette fejl i vurderingen hvis man har rette fejl inden for fristen vil man modtage en ny vurdering med den korrekte værdi man vil også kunne få tilbagebetalt eventuelle udgifter til eksempelvis ejendomsmæglerbistand til at rette fejl i vurderingen skat oplyser at der vil være mulighed for at få en personlig rådgiver hos dem til at hjælpe med at rette fejl i vurderingen,0,1,0.5911086514158563
61,X414,et stort antal personfølsomme oplysninger om danske studerende er i øjeblikket tilgængeligt for enhver der har lyst til at søge på nettet det skyldes at en database med oplysninger om omkring 100000 studerende på københavns universitet er blevet lækket det skete torsdag aften hvor en studerende på ku opdagede at han med få klik kunne se andres cprnumre lækket har været gemt bag en sløret adresse på nettet og det har krævet en såkaldt reverse lookuptjeneste at finde frem til den tv 2 har ved hjælp af denne tjeneste fundet adressen og her kan man se at den indeholder et stort antal filer med informationer om de omtrent 100000 studerende,0,1,0.5200116834690508
62,X415,en person har klaget til datatilsynet over at facebook ikke fjerner et billede hvor statsminister mette frederiksen viser en udstrakt finger til kameraet det skriver tilsynet i en pressemeddelelse mandag  udfordringen er at målet med en klagesag ofte vil være at få billedet fjernet og det er allerede sket siger datatilsynets direktør astrid østergaard i meddelelsen  derfor kan vi ikke behandle en klage over et fjernet indhold men vi kan behandle en klage over den måde facebook behandler klager på tilføjer hun klagen blev indgivet i slutningen af maj mandag har datatilsynet endnu ikke modtaget nogen begrundelse fra facebook for hvorfor det ikke fjerner billedet,0,1,0.500519265320114
63,X416,det var en helt vanvittig oplevelse det var som at være i en film det var så skræmmende og det var ikke kun den 17årige pige der fik livet reddet i torsdags eftermiddag i vallensbæk idrætscenter der har været udsat for en traumatisk oplevelse det fortæller flere forældre til tv 2 de mener at personalet i svømmehallen ikke reagerede tilfredsstillende på den livsfarlige situation som deres børn var i det var pigens klassekammerater fra 10 klasse der både fik den 17årige pige op fra bunden af bassinet og indledte livreddende førstehjælp  jeg er meget stolt af mine børn som hurtigt reagerede og gjorde hvad de skulle men jeg er også meget ked af at personalet ikke gjorde det samme siger en af pigernes forældre til tv 2,0,1,0.5823749155153072
64,X501,en dansk delegation har siden mandag været på besøg i det nordøstlige syrien hvor man blandt andet har besøgt de lejre der huser kvinder og børn med dansk tilknytning det oplyser både de kurdiske myndigheder som tv 2 har talt med og udenrigsminister jeppe kofod s formålet med besøget er at afdække om evakuering af de danske børn kan gennemføres uden at deres forældre følger med  det er endnu for tidligt at drage nogen konklusioner på baggrund af besøget så snart resultatet af task forcens arbejde ligger klar vil vi indkalde folketingets partier til konsultationer siger han i en skriftlig kommentar delegationen består blandt andet af repræsentanter fra borgerservice og læger der ifølge tv 2s oplysninger har tilset kvinder og børn med dansk tilknytning der opholder sig i fangelejr,1,1,0.5457817889489901
65,X502,udlændingeminister mattias tesfaye s og udviklingsminister flemming møller mortensen s blev advaret om forholdene i det afrikanske land rwanda længe inden de besøgte landet i slutningen af april det viser et internt dokument som jyllandsposten har fået indsigt i de to ministre er tidligere blevet kritiseret for deres rejse det skete i forbindelse med planerne om at lave et modtagecenter uden for eu til behandling af asylsager det interne dokument er skrevet af regeringens embedsmænd det blev sendt til ministrene over mail den 18 februar i dokumentet står der blandt andet at internationale menneskerettighedsorganisationer fortæller om krænkelser af politiske og civile menneskerettigheder i rwanda  regeringen anklages bla for at forhindre oppositionspartiers virke samt for at udøve vilkårlige og ulovlige drab og forsvindinger på politiske modstandere står der i dokumentet,1,1,0.6112554679891716
66,X503,tirsdag klokken 2019 fik syd og sønderjyllands politi en anmeldelse om at et mindre fly er styrtet ned på en mark ved koldingvej mellem toftlund og gabøl i byen åbøl det fortæller ole aamann vagtchef for syd og sønderjyllands politi han bekræfter at der er tale om et mindre fly  et meget lille fly med én person ombord letter hvorefter det styrter ned og rammer jorden personen ombord på flyet er afgået ved døden på stedet siger han der er tale om en 60årig mand  de pårørende er blevet underrettet vagtchefen fortæller at flyet brød i brand hvorvidt dette skete i luften eller efterfølgende kan han dog ikke sige noget om,1,0,0.5281649617399176
67,X504,i forbindelse med branden på en laksefabrik i hvide sande onsdag aften er der sket et kemikalieudslip i havområdet kemikalierne er sluppet ud i fjorden og har farvet vandet rødt det kan være ætsende ved berøring det oplyser midt og vestjyllands politi på twitter politiet var torsdag eftermiddag i færd med at få badende surfere og andre i området til at søge op på land  politiet er til stede ved surfstedet syd for hvide sande  også med både for at få folk i land skrev midt og vestjyllands politi klokken 1415 også forsvaret bistod i aktionen ved at give politiet et overblik fra luften omkring 70 brandfolk har i løbet af natten til torsdag været i aktion torsdag morgen var branden under kontrol,1,1,0.5938226480014739
68,X505,hvis du synes at turen til tankstationen er blevet dyrere så er du ikke helt skævt på den onsdag formiddag har standere flere steder i landet vist priser på op til 1389 kroner per liter benzin det er blot otte øre fra rekordprisen i september 2012 hvor prisen sneg sig op på 1397 kroner det viser tal fra fuelfinderdk og drivkraft danmark der er brancheorganisation for de virksomheder der leverer brændstof  vi er på højde med det højeste niveau vi nogensinde har set siger brændstofsdirektør i circle k peter rasmussen til tv 2 de høje priser er ikke et fænomen der begrænser sig til danmark den dyrere benzin skyldes stigende oliepriser på verdensplan som efter et kollaps ved coronapandemiens udbrud nu har fundet sit højeste niveau i flere år,1,1,0.5093245040038593
69,X506,dronning margrethe besøger i disse dage grønland og lørdag holdt hun tale til det grønlandske folk under en middag i nuuks kulturhus i talen kom dronningen både ind på emner som coronakrisen kulturen og naturen i grønland som hun roste derudover talte hun om hvordan historiske begivenheder påvirker os i dag og i den forbindelse bed kongehusekspert og historiker lars hovbakke sørensen særligt mærke i én ting dronningen talte om 5 thuleekspedition som et godt billede på det rigsfællesskab vi har i dag 5 thuleekspeditionen var en af danmarks og grønlandshistoriens mest omfangsrige ekspeditioner og formålet var at indsamle viden om inuitbefolkningen  som på den store slæderejse en beretning om 5 thuleekspedition red er sammenholdet til gavn for os hver især og til gavn for hele fællesskabet ,1,1,0.6020348495851697
70,X507,det er pudsigt med vand og huspriser har man udkig til det våde element fra sin bolig skal man formentlig betale mere end ellers men har man risiko for at få det samme vand på besøg i form af en oversvømmelse kan det skære op til flere hundredetusinde kroner af salgsprisen i en ny analyse har nationalbanken således regnet sig frem til at huse der kan blive ramt af oversvømmelse i tilfælde af en såkaldt 100årshændelse bliver solgt 6 procent billigere end lignende huse der ikke har samme risiko for et hus til 16 millioner kroner svarer 6 procents rabat til næsten 100000 kroner for et hus til 32 millioner kroner er afslaget det dobbelte,1,1,0.5550195919954166
71,X508,nul personer er i løbet af tre år blevet henvist til jobs via jobcenteret i aalborg skriver nordjyske alligevel er byens borgmester thomas kastruplarsen fint tilfreds med jobcenterets præstation da berlingske for en måned siden skrev at de københavnske jobcentre ikke havde henvist nogen personer til job på to år var reaktionen ellers en anden beskæftigelsesborgmester i københavn cecilia lonningskovgaard v kaldte de nul henvisninger for rystende og chefen for jobcentrene blev fjernet fra sin post hvordan hænger det sammen at det der er god praksis i nordjylland resulterer i en fyring i københavn nøglen til at forstå det ligger i at barren for et vellykket jobcenter bliver sat af politikere lyder det fra bent greve der er professor i arbejdsmarkedsforskning ved roskilde universitet,1,1,0.5764782405559306
72,X509,en forening mod en planlagt feriepark på møn har fået tusindvis af underskrifter det skriver sjællandske foreningen hedder foreningen mod feriepark på møn og har nu over 2200 medlemmer det er sket i løbet af kort tid fortæller formand for foreningen jens kofoed til tv 2  vi har fået over 2000 underskrifter inden for en uge det er helt vildt siger han planerne om en feriepark på møn har vakt stor modstand blandt flere end 2000 beboere på øen det skyldes især at der ifølge planerne skal bygges en golfbane med 18 huller i området ved hesselholt nordvest for rødehave golfbanen er et af de centrale elementer i milliardæren anders holch povlsens planer for den nye feriepark ,0,1,0.5613119404734227
73,X510,to fotografer og en kulturminister får nu kritik af pressenævnet for at have deltaget i en billedserie hvor de poserede med våben det skriver pressenævnet i en pressemeddelelse i sagen mod kulturminister ane halsboejørgensen s har nævnet vurderet at hun har brudt god presseskik ved at deltage i billedserien the gun series  kulturministeren har ved deltagelse i billedserie med våben og ammunition givet udtryk for at det er acceptabelt at bære våben uanset om det er i forbindelse med kunstnerisk fotografering eller ej lyder det i afgørelsen afgørelsen mod fotografen rasmus flindt pedersen og jim lyngvild er mere knibsk begge har brudt god presseskik ved deltagelse i billedserien mener pressenævnet,0,1,0.5729764575460031
74,X511,en 71årig kvinde fra horsens er tirsdag eftermiddag blevet anholdt og sigtet for spirituskørsel efter tre uheld på samme sted det oplyser vagtchef ved midt og vestjyllands politi henrik sønderskov første gang kvinden var involveret i et uheld var ved 12tiden hvor hun ramte en anden bil med venstre baghjul herefter ramte hun et hegn inden hun nedlagde et skilt og et hegn  herefter kører hun ind i en anden bil med venstre baghjul siger vagtchefen den 71årige kvinde blev derefter standset af politiet på grund af mistanke om spirituskørsel  hun har ikke været særlig samarbejdsvillig men vi har fået taget en blodprøve som skal undersøges siger henrik sønderskov politiet modtog anmeldelsen om de tre uheld klokken 1245,0,1,0.5629140360258837
75,X512,torsdag morgen nedlagde 200 sygeplejersker ved aalborg universitetshospital arbejdet det førte til at der ikke kunne ydes behandling til patienter på hospitalet nu har arbejdsretten afsagt dom i sagen hvor sygeplejerskerne blev pålagt en bod på 100000 kroner boden skal betales inden 14 dage  vi er skuffede og overraskede over at arbejdsretten har valgt at følge hospitalets påstand om en bod siger formand for dansk sygeplejeråd camilla rathcke  vi mener ikke at det er en arbejdsnedlæggelse da vi gennemførte en lovlig sympatikonflikt derfor anker vi dommen sygeplejerskerne nedlagde arbejdet i protest mod den nye sygeplejefaglige model der trådte i kraft 1 januar 2021,0,1,0.5088439477937822
76,X513,et flertal i euparlamentet ønsker at sænke hastigheden i byerne med 10 kilometer i timen det skriver flere medier heriblandt reuters og jyllandsposten forslaget kommer fra et stort flertal bestående af socialdemokrater grønne og venstrefløjsgrupper  vi vil ikke bare se på bilerne men også på vejene som er blevet for smalle siger jeppe kofod s der er medlem af parlamentets trafikudvalg til jyllandsposten forslaget skal nu forhandles med europakommissionen og med de øvrige institutioner i eu kommissionen har et mål om nul trafikdrab i 2050 årligt dør 22700 mennesker i trafikulykker på europæiske veje ifølge jyllandsposten er der i danmark ingen undersøgelser af sammenhængen mellem fart og ulykker men ifølge vejdirektoratet er der en sammenhæng mellem fart og risiko for at blive dræbt eller alvorligt tilskadekommet ved en ulykke,0,1,0.5606698029099357
77,X514,det er ikke en god idé at skifte navn fra loud til 24syv det mener flere brandingeksperter efter at radiokanalen har fået massiv kritik for deres arbejdsforhold og for at have dræbt radio24syv  det er en dårlig idé fordi det styrker selve fortællingen om at de slog radio24syv ihjel siger martin lind jensen der er partner i brandingbureauet brandlab han henviser til at radiokanalen selv styrker den fortælling ved at skifte navn  de gør det samtidig med at de forsøger at ændre fortællingen om arbejdsforholdene det er to ting der ikke hænger sammen siger han 24syv blev lanceret som en ny radiokanal i 2021 i forbindelse med lanceringen af den nye kanal blev det besluttet at den skulle overtage programfladen fra det tidligere p1programmet 24 timers dækning,0,1,0.5516232189262222
78,X515,en taxavognmand fra københavn mister nu sin taxa fordi hans chauffør kørte alt for stærkt det skriver færdselsstyrelsen i en pressemeddelelse den mandlige taxachauffør blev standset af færdselsbetjente med laser på helsingørmotorvejen ved klampenborg lørdag aften her kørte han med en hastighed på 180 kilometer i timen på en strækning hvor man må køre 80 kilometer i timen det er vanvidskørsel taxachaufføren blev derfor sigtet for overtrædelse af færdselslovens paragraf 54 stk 1 som handler om at køre ubevist med væsentligt overskreden hastighed færdselsstyrelsen har beslaglagt taxaen og den mandlige taxavognmand har mistet retten til at køre som vognmand  vi kan ikke acceptere så høje hastigheder i vores taxier det er farligt for chaufføren selv men også for andre trafikanter siger henrik saugmann chefkonsulent i færdselsstyrelsen i pressemeddelelsen,0,1,0.6216921253333894
79,X516,hvis renten stiger vil det påvirke boligmarkedet og det vil ske fordi de danske boligejere har lånt til en højere rente end den de får i dag det erkender nationalbanken i en ny analyse men selvom rentestigninger kan være en realitet om få uger er det ikke ensbetydende med at boligmarkedet knækker det vurderer senioranalytiker i sydbank søren kristensen  det er ikke sikkert at vi ser et boligmarked der knækker sammen bare fordi renten stiger siger han i nationalbankens analyse konkluderer banken at en rentestigning på 05 procentpoint vil betyde en stigning i boligudgifterne på 03 procentpoint det vil sige at hvis renten stiger med 15 procentpoint vil boligejerne i gennemsnit have højere udgifter med 045 procentpoint,0,1,0.5049492567695963
80,X601,beskyttelsen af fortidsminder i danmark er i nogle tilfælde så markant at det hæmmer almindelige menneskers adgang til at nyde dem mener kulturminister ane halsboejørgensen s derfor vil hun arbejde for at ændre reglerne skriver hun i en pressemeddelelse  så mange som muligt skal kunne opleve forstå og have glæde af vores fælles kulturarv debatten om blandt andet nyborg slot og bette jenses hyw har vist at den nuværende lov trænger til en opdatering  derfor skal vi have en endnu bedre balance mellem beskyttelse formidling og tilgængelighed skriver ministeren i pressemeddelelsen fortidsminder  eller retteligt fredede fortidsminder  er levn og kulturarv fra den danske historie det kan være alt fra gravhøje til bygninger de er beskyttet mod alle fysiske indgreb,1,1,0.5963147683860566
81,X602,de mennesker der skal passe de syge gamle og udsatte bliver selv syge af at gå på arbejde sådan lyder forklaringen på det høje sygefravær hos landets social og sundhedsmedarbejdere de godt 72000 fuldtidsbeskæftigede på sosuområdet havde 171 sygedage i gennemsnit i 2020 altså lidt flere end tre fulde arbejdsuger det viser en dataanalyse på baggrund af tal fra regionernes og kommunernes løndatakontor ifølge berlingske  det er stærkt bekymrende og viser at der er noget helt galt når det er så mange sygedage erkender torben klitmøller hollmann der er formand for social og sundhedsmedarbejderne i fagforeningen foa til tv 2 ifølge foaformanden er det et presset personale som bukker under for stadig mere pressede forhold i sundhedssektoren,1,1,0.5955010824582726
82,X603,for få uger siden brød 22årige sygeplejestuderende anders heggset grædende sammen på sit praktiksted men hans kollegaer havde så travlt at de ikke havde tid til at spørge ham hvad der var galt  de kunne se at jeg havde grædt men de kunne ikke gøre noget siger han sammenbruddet skyldtes netop travlheden som arbejdet som sygeplejerske byder på for han følte ikke at han have tid nok til at løfte det ansvar han fik  det er det med ikke at føle sig kompetent og ikke at kunne få den hjælp jeg har brug for så jeg kan udføre mit arbejde jeg vil jo gerne gøre det godt siger han og anders heggset er ikke alene ,1,1,0.5893440013525351
83,X604,den seksuelle aktivitet i usa er dalende og det gælder al aktivitet både traditionelt samleje hånd og oralsex og samt onani det viser et nyt stort studie som er beskrevet i mediet scientific american studiet bygger på selvrapporteret data fra 4547 mennesker mellem 14 og 49 år der er sket et generelt fald i de seksuelle aktiviteter på tværs af alle aldersgrupperne i studiet andelen af de adspurgte der for eksempel ikke havde haft samleje det seneste år er i perioden 20092018 vokset fra 24 til 28 procent mest signifikant er dog udviklingen hos de helt unge mennesker antallet af drenge i alderen 1417 der ikke kunne rapportere nogen seksuel aktivitet hverken alene eller sammen med andre er i perioden fra 20092018 steget fra 288 procent til 442 procent,1,1,0.5241326754810215
84,X605,poul johan svanholm tidligere topchef i carlsberg og formand for danske bank er død han blev 88 år det oplyser familien til politiken poul johan svanholm døde 17 november efter flere års svækket helbred bisættelsen har fundet sted poul johan svanholm har haft et langt arbejdsliv som har givet ham så mange titler og tilnavne at her kun kan nævnes et fåtal kong carlsberg vindirektøren viceborgmesteren bankformanden og hr møllers fortrolige han blev i 1972 tilbudt stillingen som direktionsformand i carlsberg det job tog han på sig i 1974 og beholdt det i 25 år frem i det store bryggeri stod han i spidsen for at føre fusionen mellem carlsberg og tuborg fra 1970 ud i livet og under hans ledelse begyndte carlsberg også at orientere sig mod det internationale ølmarked,1,1,0.5526755903046461
85,X606,salget af cigaretter faldt markant i 2020 efter at der blev indført nye afgifter i 2020 blev der solgt næsten en milliard færre cigaretter og det var stærkt medvirkende til at sende det samlede tobakssalg sydover ifølge danmarks statistik dst er 2020s samlede tobakssalg det laveste siden 1945  året hvor anden verdenskrig sluttede  den 1 april 2020 steg afgiften på tobak og så faldt salget af cigaretter ved årsskiftet kan rygerne igen se frem til højere afgifter  hver gang afgifterne er blevet sat op de seneste år er salget af cigaretter altså faldet markant skriver andré pedersen ystehede specialkonsulent i danmarks statistik i en nyhed på statistikbankens hjemmeside det samlede tobakssalg er målt i millioner styk her tæller cigaretter cigarer cigarillos og pibetobak,1,1,0.5417799174697336
86,X607,danskerne forventer at købe krudt og raketter for 450 millioner kroner frem mod nytårsaften det viser en undersøgelse som organisationen dansk erhverv har foretaget blandt 1510 personer  det er nogenlunde samme niveau som sidste år men tendensen er at der er lidt færre som vil købe fyrværkeri til gengæld vil de bruge lidt flere penge på det siger politisk konsulent frederik bergenfelt friis det er cirka hver fjerde husstand der har planer om at købe nytårskrudt de som vil investere i fyrværkeri vil i gennemsnit købe for 160 kroner per husstand  det er især mænd i alderen 40 til 49 år der er glade for at købe fyrværkeri og så kan vi også se at særligt én landsdel  vestjylland  køber mere fyrværkeri end andre dele af landet,1,1,0.5724484512462228
87,X608,første januar i år gik de første 3700 danskere på tidlig pension  den såkaldte arnepension og i alt har 10888 danskere fået tildelt retten til at gå på tidlig pension i løbet af 2022 det viser en ny opgørelse fra beskæftigelsesministeriet det har været muligt for danskere at søge om retten til at forlade arbejdsmarkedet et to eller tre år før tid siden ordningen trådte i kraft 1 august 2021 beskæftigelsesminister peter hummelgaard s siger i en pressemeddelelse at retten skaber tryghed for de mennesker der kan blive presset af den stigende pensionsalder den stiger som følge af det såkaldte velfærdsforlig fra 2006 der fastslår at pensionsalderen skal stige i takt med at levealderen også gør det ,1,1,0.6049158741364754
88,X609,landbrugsstyrelsen har i flere tilfælde givet urigtige oplysninger om eksempelvis kvælstofudledninger det viser en udredning som rigsrevisionen har fået lavet af kromann reumert  det er rigsrevisionens vurdering at landbrugsstyrelsen i en række tilfælde ikke har overholdt sin oplysningspligt i forbindelse med måling og vurdering af kvælstofudledninger står der i udredningen rigsrevisionen har bedt kromann reumert undersøge om landbrugsstyrelsen har overholdt sin oplysningspligt i forbindelse med målinger og vurderinger af kvælstofudledninger udredningen er en del af rigsrevisionens gennemgang af styrelsens arbejde med at nedbringe landbrugets kvælstofudledninger kromann reumert har blandt andet undersøgt fem sager om målinger og vurderinger af kvælstofudledninger fra landbruget i tre af sagerne fandt revisorerne ikke grundlag for at kritisere styrelsen for urigtige oplysninger,0,1,0.5172474440698327
89,X610,en 45årig kvinde er afgået ved døden efter en trafikulykke i vejle søndag eftermiddag det oplyser vagtchef ved sydøstjyllands politi jesper brøndum ulykken skete da kvinden var på vej over fodgængerfeltet ved en rundkørsel  hun bliver ramt af en lastbil som kører igennem fodgængerfeltet siger vagtchefen lastbilchaufføren er ifølge vagtchefen meget påvirket af ulykken  han bliver også kørt til undersøgelse på hospitalet siger jesper brøndum politiet fik anmeldelsen om ulykken klokken 1545 siden har de været i gang med at undersøge stedet og afhøre vidner derfor er det endnu ikke klart hvordan ulykken formentlig er sket oplyser vagtchefen,0,0,0.5095888438547838
90,X611,forbrugerne har i den seneste uge kastet sig over de mange tilbud der er blevet præsenteret under black week det viser tal fra både nets og mobilepay black week er en årligt tilbagevendende begivenhed hvor danskerne kan spare penge på en lang række varer og tjenester for eksempel kan man spare op til 50 procent på rejser op til 40 procent på tøj og op til 30 procent på elektronik forbrugerne har i den seneste uge købt for over 12 milliarder kroner via mobilepay og nets betalingsløsninger det er en stigning på hele 60 procent i forhold til sidste uges forbrug  det er ikke små summer det drejer sig om siger per hansen der er chefanalytiker hos sydbank han mener at tallet viser at black week har vist sig at være en stor succes,0,1,0.5918974018205598
91,X612,hvert år dør omkring 1000 danskere af hjertestop det er en af de hyppigste dødsårsager udenfor hospitalerne og det er derfor vigtigt at vide hvad man skal gøre hvis nogen ryster ved en og begynder at falde om for det kan være et tegn på at der er sket et hjertestop hvis du ser en person falde om skal du straks ringe 112 men hvis du selv står over for at skulle give førstehjælp kan du også gøre noget det vigtigste er at sikre at pulsen kan mærkes så kan man vurdere om der er puls og derefter kan man sætte i gang med hurtig genoplivning det kræver ikke noget specielt udstyr eller nogen særlige kompetencer sådan gør du  tag fat i personens hage og brystkasse,0,1,0.5377051413566262
92,X613,torsdag aften var der demonstration foran den russiske ambassade i københavn det var den fjerde demonstration mod rusland siden det blev bekræftet at rusland er skyld i den danske soldats død og selvom det er flere måneder siden at rusland invaderede ukraine så er foragten for præsident vladimir putin stadig stor blandt deltagerne  putin er en koldblodig morder og han skal ikke have lov til at gøre hvad han vil siger henrik sørensen han er en af de mange demonstranter som har valgt at tage til ambassaden for at vise deres utilfredshed med ruslands invasion af ukraine og selvom han ikke har nogen direkte forbindelse til ukraine så føler han alligevel et stort ansvar for at vise sin støtte,0,1,0.5350814978576198
93,X614,kommunernes tandlæger skal tilbyde gratis tandpleje til alle borgere under 30 år det foreslår enhedslisten og partiet har fået opbakning fra flere andre partier men det kan ikke lade sig gøre mener dansk tandlægeforening som repræsenterer de kommunale tandlæger  vi har ikke kapacitet til at lave den her ordning og vi har heller ikke personale til det siger formanden for foreningen torben hansen til tv 2 han henviser til at der i dag er mangel på tandlæger i hele landet derfor er der ifølge ham ikke mulighed for at prioritere de unge højere end andre grupper af patienter  vi har jo ikke nogen ledige pladser der er fuldt booket over hele linjen siger han torben hansen mener dog ikke at det er et argument for ikke at gennemføre forslaget,0,1,0.535943624949601
94,X615,tre personer er blevet kørt på skadestuen efter en brand på et plejehjem i vanløse natten til mandag det oplyser vagtchef ved københavns politi henrik svejstrup  der er tre personer som er blevet kørt på skadestuen for at blive undersøgt for røgforgiftning siger vagtchefen ilden er opstået på et værelse på fjerde sal på plejehjemmet lindegården det oplyser københavns brandvæsen til tv 2 værelset ligger tæt på et fællesareal hvor der også bor beboere derfor har brandfolkene måttet evakuere alle beboere på stedet for at få kontrol over ilden  der har været en del bevægelser i gang da vi ankom siger indsatsleder steffen hansen til tv 2 ilden er nu slukket og alle beboere er genhuset,0,1,0.5598840597429602
95,X616,børn i børnehavealderen skal ikke have søde sager med i børnehaven og kage og slik skal være forbudt på fødselsdage i børnehaven det mener en række børnehaver som er med i et projekt der skal mindske sociale forskelle i børnehaverne det fremgår af en ny rapport fra børnerådet rapporten viser at der er store forskelle på hvordan børnene fejrer fødselsdage i de forskellige børnehaver og det kan gøre nogle børn mere eller mindre populære blandt de andre børn lyder det  nogle steder er der ingen fødselsdagskage og nogle steder er der ingen slikposer men det er ikke alle steder at man har valgt at lave regler om det siger annemarie nybo hansen direktør for børnerådet hun understreger at hun synes det er positivt at man forsøger at ændre på de vaner i daginstitutionerne,0,1,0.6037146646438394
